Drug,smile,MaxAbsEStateIndex,MaxEStateIndex,MinAbsEStateIndex,MinEStateIndex,qed,SPS,MolWt,HeavyAtomMolWt,ExactMolWt,NumValenceElectrons,NumRadicalElectrons,MaxPartialCharge,MinPartialCharge,MaxAbsPartialCharge,MinAbsPartialCharge,FpDensityMorgan1,FpDensityMorgan2,FpDensityMorgan3,BCUT2D_MWHI,BCUT2D_MWLOW,BCUT2D_CHGHI,BCUT2D_CHGLO,BCUT2D_LOGPHI,BCUT2D_LOGPLOW,BCUT2D_MRHI,BCUT2D_MRLOW,AvgIpc,BalabanJ,BertzCT,Chi0,Chi0n,Chi0v,Chi1,Chi1n,Chi1v,Chi2n,Chi2v,Chi3n,Chi3v,Chi4n,Chi4v,HallKierAlpha,Ipc,Kappa1,Kappa2,Kappa3,LabuteASA,PEOE_VSA1,PEOE_VSA10,PEOE_VSA11,PEOE_VSA12,PEOE_VSA13,PEOE_VSA14,PEOE_VSA2,PEOE_VSA3,PEOE_VSA4,PEOE_VSA5,PEOE_VSA6,PEOE_VSA7,PEOE_VSA8,PEOE_VSA9,SMR_VSA1,SMR_VSA10,SMR_VSA2,SMR_VSA3,SMR_VSA4,SMR_VSA5,SMR_VSA6,SMR_VSA7,SMR_VSA8,SMR_VSA9,SlogP_VSA1,SlogP_VSA10,SlogP_VSA11,SlogP_VSA12,SlogP_VSA2,SlogP_VSA3,SlogP_VSA4,SlogP_VSA5,SlogP_VSA6,SlogP_VSA7,SlogP_VSA8,SlogP_VSA9,TPSA,EState_VSA1,EState_VSA10,EState_VSA11,EState_VSA2,EState_VSA3,EState_VSA4,EState_VSA5,EState_VSA6,EState_VSA7,EState_VSA8,EState_VSA9,VSA_EState1,VSA_EState10,VSA_EState2,VSA_EState3,VSA_EState4,VSA_EState5,VSA_EState6,VSA_EState7,VSA_EState8,VSA_EState9,FractionCSP3,HeavyAtomCount,NHOHCount,NOCount,NumAliphaticCarbocycles,NumAliphaticHeterocycles,NumAliphaticRings,NumAromaticCarbocycles,NumAromaticHeterocycles,NumAromaticRings,NumHAcceptors,NumHDonors,NumHeteroatoms,NumRotatableBonds,NumSaturatedCarbocycles,NumSaturatedHeterocycles,NumSaturatedRings,RingCount,MolLogP,MolMR,fr_Al_COO,fr_Al_OH,fr_Al_OH_noTert,fr_ArN,fr_Ar_COO,fr_Ar_N,fr_Ar_NH,fr_Ar_OH,fr_COO,fr_COO2,fr_C_O,fr_C_O_noCOO,fr_C_S,fr_HOCCN,fr_Imine,fr_NH0,fr_NH1,fr_NH2,fr_N_O,fr_Ndealkylation1,fr_Ndealkylation2,fr_Nhpyrrole,fr_SH,fr_aldehyde,fr_alkyl_carbamate,fr_alkyl_halide,fr_allylic_oxid,fr_amide,fr_amidine,fr_aniline,fr_aryl_methyl,fr_azide,fr_azo,fr_barbitur,fr_benzene,fr_benzodiazepine,fr_bicyclic,fr_diazo,fr_dihydropyridine,fr_epoxide,fr_ester,fr_ether,fr_furan,fr_guanido,fr_halogen,fr_hdrzine,fr_hdrzone,fr_imidazole,fr_imide,fr_isocyan,fr_isothiocyan,fr_ketone,fr_ketone_Topliss,fr_lactam,fr_lactone,fr_methoxy,fr_morpholine,fr_nitrile,fr_nitro,fr_nitro_arom,fr_nitro_arom_nonortho,fr_nitroso,fr_oxazole,fr_oxime,fr_para_hydroxylation,fr_phenol,fr_phenol_noOrthoHbond,fr_phos_acid,fr_phos_ester,fr_piperdine,fr_piperzine,fr_priamide,fr_prisulfonamd,fr_pyridine,fr_quatN,fr_sulfide,fr_sulfonamd,fr_sulfone,fr_term_acetylene,fr_tetrazole,fr_thiazole,fr_thiocyan,fr_thiophene,fr_unbrch_alkane,fr_urea
Erythromycin,CC[C@H]1OC(=O)[C@H](C)[C@@H](O[C@H]2C[C@@](C)(OC)[C@@H](O)[C@H](C)O2)[C@H](C)[C@@H](O[C@@H]2O[C@H](C)C[C@H](N(C)C)[C@H]2O)[C@](C)(O)C[C@@H](C)C(=O)[C@H](C)[C@@H](O)[C@]1(C)O,14.07322487,14.07322487,0.093554949,-1.994405755,0.237872506,49.74509804,733.937,666.401,733.4612412,298,0,0.31118842,-0.458936581,0.458936581,0.31118842,0.882352941,1.490196078,2.039215686,16.71366525,9.736716474,2.531649082,-2.487194461,2.404143597,-2.608783389,5.832879433,-0.317593058,3.051689271,2.183066335,1167.298166,38.96337266,32.93794906,32.93794906,23.4255188,18.49411747,18.49411747,16.47185399,16.47185399,11.82155304,11.82155304,8.410333559,8.410333559,-1.3,26903252120,44.09945527,17.01447879,9.506326969,303.5949917,58.85372443,29.69619492,12.58005346,0,0,5.969305288,9.589074368,0,0,0,27.6949488,74.90023203,37.32617813,47.63983961,63.54288907,11.75255023,0,4.899909731,23.67162418,179.1774363,21.20514151,0,0,0,0,0,0,0,147.6470163,38.01025209,23.67162418,94.92065849,0,0,0,0,193.91,107.535145,35.12171134,0,31.40827209,6.420821623,0,27.88100914,41.5424232,25.9189909,0,28.42117772,37.05362067,0,29.75921156,57.6101897,-4.839054123,-4.976776577,-0.323754797,-9.707663812,16.33117964,5.176381084,0.945945946,51,5,14,0,3,3,0,0,0,14,5,14,7,0,3,3,3,1.7856,186.258,0,5,3,0,0,0,0,0,0,0,2,2,0,0,0,1,0,0,0,1,0,0,0,0,0,0,0,0,0,0,0,0,0,0,0,0,0,0,0,0,1,6,0,0,0,0,0,0,0,0,0,1,1,0,1,1,0,0,0,0,0,0,0,0,0,0,0,0,0,0,0,0,0,0,0,0,0,0,0,0,0,0,0,0,0
Kanamycin,NC[C@H]1O[C@H](O[C@H]2[C@H](O)[C@@H](O[C@H]3O[C@H](CO)[C@@H](O)[C@H](N)[C@H]3O)[C@H](N)C[C@@H]2N)[C@H](O)[C@@H](O)[C@@H]1O,10.93437059,10.93437059,0.084947405,-1.661604858,0.166853652,53.72727273,484.503,448.215,484.238058,194,0,0.186623337,-0.393567282,0.393567282,0.186623337,0.666666667,1.181818182,1.696969697,16.72393442,9.838720698,2.51072899,-2.477289312,2.307441967,-2.682077532,5.009909438,-0.331600795,2.785013665,1.722064446,584.1983388,24.61000151,17.85446379,17.85446379,15.50934547,10.79228064,10.79228064,8.789839929,8.789839929,6.482175992,6.482175992,4.400522452,4.400522452,-0.6,13654838.45,26.99525419,10.98374843,5.323875433,189.2991535,77.62781349,61.03966388,12.58005346,0,0,0,0,0,0,0,0,6.420821623,18.62843806,12.64872279,54.69314358,0,0,0,22.93466991,98.16606145,13.15163837,0,0,0,22.93466991,0,0,0,140.64257,18.94745182,0,6.420821623,0,0,0,0,282.61,98.35212179,35.74569176,0,12.96557803,0,0,0,0,0,0,41.88212172,22.18864593,0,0,70.89126281,23.50509756,0,-2.861854624,-16.45971269,-0.763438981,0,1,33,15,15,1,2,3,0,0,0,15,11,15,6,1,2,3,3,-7.2914,107.7922,0,7,7,0,0,0,0,0,0,0,0,0,0,0,0,0,0,4,0,0,0,0,0,0,0,0,0,0,0,0,0,0,0,0,0,0,0,0,0,0,0,4,0,0,0,0,0,0,0,0,0,0,0,0,0,0,0,0,0,0,0,0,0,0,0,0,0,0,0,0,0,0,0,0,0,0,0,0,0,0,0,0,0,0,0
Chloramphenicol,O=C(N[C@H](CO)[C@H](O)c1ccc([N+](=O)[O-])cc1)C(Cl)Cl,11.30478637,11.30478637,0.13230143,-1.325823356,0.409070928,13.85,323.132,311.036,322.0123268,110,0,0.268945133,-0.394123208,0.394123208,0.268945133,1.35,1.9,2.3,35.53916853,10.02291788,2.243581563,-2.223138538,2.203148627,-2.435885091,6.530354843,-0.384453281,2.431670248,2.82115815,480.2067575,15.28409257,10.07087327,11.58273116,9.362279763,5.482715984,6.355587544,3.891831414,4.988096073,2.54910393,2.945495981,1.495665801,1.621653959,-1.41,20854.00405,16.64379236,7.392954609,4.309031436,123.8154737,15.52984339,6.103966388,4.83626969,0,11.594566,0,14.90885545,0,0,0,23.20187978,17.69618563,12.13273414,17.57203384,19.93090302,34.79644578,0,5.316788604,0,16.98207691,6.606881965,39.94323803,0,0,5.316788604,5.687386275,0,23.20187978,38.52853805,4.794537184,10.11431827,11.66741788,24.26546827,0,0,0,112.7,34.41944965,20.01538285,0,5.687386275,5.563451492,0,24.26546827,0,0,5.316788604,28.30840718,0,10.70151515,19.91192496,31.94618215,0.169221624,-0.756162027,4.053667101,-1.252928319,-0.551198428,0,0.363636364,20,3,7,0,0,0,1,0,1,5,3,9,6,0,0,0,1,0.909,72.5667,0,2,2,0,0,0,0,0,0,0,1,1,0,0,0,1,1,0,0,0,0,0,0,0,0,2,0,1,0,0,0,0,0,0,1,0,0,0,0,0,0,0,0,0,2,0,0,0,0,0,0,0,0,0,0,0,0,0,1,1,1,0,0,0,0,0,0,0,0,0,0,0,0,0,0,0,0,0,0,0,0,0,0,0,0
Ampicillin,CC1(C)S[C@@H]2[C@H](NC(=O)[C@H](N)c3ccccc3)C(=O)N2[C@H]1C(=O)O,12.33417297,12.33417297,0.374515411,-1.033228263,0.674878289,28.70833333,349.412,330.26,349.1096271,128,0,0.327399385,-0.479672802,0.479672802,0.327399385,1.333333333,1.958333333,2.541666667,32.16690623,9.954473241,2.637630874,-2.433840923,2.502952871,-2.706287101,8.013147837,-0.16071006,2.80395312,1.711293316,693.8227554,17.64589989,13.30092304,14.11741963,11.23688799,7.575211293,8.454864104,6.47275966,8.243644799,4.413850051,5.985380646,3.200201818,4.825598408,-2.06,206112.986,16.78578614,5.784053911,2.552214839,143.1206586,21.05689321,23.4993953,0,11.81435946,0,5.969305288,9.589074368,4.794537184,0,11.76188495,30.33183534,19.41092589,4.747022453,0,19.49013895,29.5455497,0,10.21669833,5.733667477,42.09389215,0,35.89528683,0,0,11.05045608,0,0,11.76188495,49.9946788,14.38361155,0,25.45276672,30.33183534,0,0,0,112.73,34.74902996,19.49013895,0,11.28105254,5.563451492,0,16.66179468,38.11294267,6.066367068,5.316788604,5.733667477,-0.617873281,1.384119373,37.45871784,11.66885747,6.593297141,-1.856869189,6.376417836,0,3.576666142,0,0.4375,24,4,7,0,2,2,1,0,1,5,3,8,4,0,2,2,3,0.3181,89.0289,1,0,0,0,0,0,0,0,1,1,3,2,0,0,0,1,1,1,0,0,0,0,0,0,0,0,0,2,0,0,0,0,0,0,1,0,1,0,0,0,0,0,0,0,0,0,0,0,0,0,0,0,0,1,0,0,0,0,0,0,0,0,0,0,0,0,0,0,0,0,0,0,0,0,0,1,0,0,0,0,0,0,0,0,0
Imipenem,C[C@@H](O)[C@H]1C(=O)N2C(C(=O)O)=C(SCCNC=N)C[C@H]12,11.93841503,11.93841503,0.052549131,-1.104253643,0.224451862,26.1,299.352,282.216,299.093977,110,0,0.352950907,-0.476539274,0.476539274,0.352950907,1.7,2.4,2.95,32.16655686,9.833875079,2.561482695,-2.440384535,2.463138387,-2.61353862,8.026777256,-0.16063958,2.685859219,2.087764501,477.3228933,14.86144284,10.99710708,11.81360366,9.485269665,6.313663154,7.299261714,4.769957714,5.959680419,3.515374552,4.632100387,2.665082282,3.742383792,-1.54,26780.70227,14.86053701,5.840285926,2.403239498,120.0820175,20.42975312,5.697039313,0,5.907179729,0,5.969305288,10.20382079,4.794537184,0,11.76188495,0,6.9237372,23.62356815,24.40224863,19.80212916,29.97690533,5.409283606,10.21669833,5.917906046,25.49036604,12.29761001,10.60217583,0,0,5.316788604,0,0,11.76188495,57.77140213,9.589074368,11.32718965,13.34455882,10.60217583,0,0,0,113.72,17.99117772,19.80212916,0,17.64605987,23.62356815,6.338535363,16.66179468,6.9237372,0,5.316788604,5.409283606,0,1.381147959,25.24155097,28.42407168,0.052549131,-1.291253044,-0.229817754,0.808163327,2.113587727,0,0.583333333,20,4,7,0,2,2,0,0,0,5,4,8,7,0,1,1,2,-0.17603,74.328,1,1,1,0,0,0,0,0,1,1,2,1,0,0,0,1,2,0,0,0,0,0,0,0,0,0,0,1,0,0,0,0,0,0,0,0,1,0,0,0,0,0,0,0,0,0,0,0,0,0,0,0,0,1,0,0,0,0,0,0,0,0,0,0,0,0,0,0,0,0,0,0,0,0,0,1,0,0,0,0,0,0,0,2,0
Trimethoprim,COc1cc(Cc2cnc(N)nc2N)cc(OC)c1OC,5.848108466,5.848108466,0.15383521,0.15383521,0.853355507,10.23809524,290.323,272.179,290.1378904,112,0,0.221431636,-0.492704456,0.492704456,0.221431636,1,1.619047619,2.095238095,16.52993347,10.05555224,2.139939309,-2.140671554,2.383428556,-2.042787807,5.550690334,0.323634184,2.485378414,2.397562137,621.1065134,15.40541292,12.21303019,12.21303019,10.08324866,6.243969313,6.243969313,4.349044905,4.349044905,3.035749107,3.035749107,2.027836084,2.027836084,-2.7,52230.22738,14.70376923,6.167313395,3.073376136,122.4079788,25.67792382,5.817862778,11.49902367,11.69785111,0,0,0,4.983978521,4.983978521,0,0,17.69618563,18.18111669,21.32939262,14.21058886,11.76620206,0,9.967957042,0,6.420821623,32.79672758,29.45648069,0,17.2485355,25.67792382,11.76620206,17.2485355,0,31.29734967,6.420821623,0,11.12690298,18.32957771,0,0,0,105.51,0,0,0,5.948339281,29.4872199,11.12690298,0,27.5262362,12.13273414,9.967957042,25.67792382,15.92487471,0,7.900371315,0,13.05057186,2.228001326,3.716568405,2.142538502,0,4.703740547,0.285714286,21,4,7,0,0,0,1,1,2,7,2,7,5,0,0,0,2,1.2576,79.7608,0,0,0,2,0,2,0,0,0,0,0,0,0,0,0,2,0,2,0,0,0,0,0,0,0,0,0,0,0,2,0,0,0,0,1,0,0,0,0,0,0,3,0,0,0,0,0,0,0,0,0,0,0,0,0,3,0,0,0,0,0,0,0,0,0,0,0,0,0,0,0,0,0,0,0,0,0,0,0,0,0,0,0,0,0
Gentamicin,CN[C@@H]1[C@@H](O)[C@@H](O[C@@H]2[C@@H](O)[C@H](O[C@H]3O[C@H]([C@@H](C)NC)CC[C@H]3N)[C@@H](N)C[C@H]2N)OC[C@]1(C)O,11.12947795,11.12947795,0.061970558,-1.286897326,0.18159831,50.18181818,477.603,434.259,477.3162487,194,0,0.185231785,-0.387562324,0.387562324,0.185231785,0.96969697,1.575757576,2.151515152,16.71320241,9.837052613,2.504826637,-2.481580059,2.313476246,-2.683726295,5.015798641,-0.306890394,2.756468014,1.684740507,631.8109458,24.49927104,19.96331511,19.96331511,15.49443815,11.77518443,11.77518443,9.910387027,9.910387027,7.241262277,7.241262277,5.035046986,5.035046986,-0.48,12965995.53,27.11323763,11.06123346,5.850381762,194.9768785,62.10161364,30.01691636,12.58005346,0,0,0,0,0,0,0,0,47.20528323,18.12552249,24.79453001,34.267034,0,0,10.63357721,17.20100243,112.0200796,20.70222593,0,0,0,27.83457964,0,0,0,114.9319485,18.94745182,0,33.10993927,0,0,0,0,199.73,60.72249231,15.31958218,0,24.79453001,12.84164325,6.420821623,0,13.97140918,13.97140918,10.63357721,36.14845425,23.72099155,0,0,38.34001374,17.50735587,0,-2.111818886,-4.221864506,3.522556988,3.492765241,1,33,11,12,1,2,3,0,0,0,12,8,12,7,1,2,3,3,-3.3275,119.931,0,3,2,0,0,0,0,0,0,0,0,0,0,0,0,0,2,3,0,2,0,0,0,0,0,0,0,0,0,0,0,0,0,0,0,0,0,0,0,0,0,4,0,0,0,0,0,0,0,0,0,0,0,0,0,0,0,0,0,0,0,0,0,0,0,0,0,0,0,0,0,0,0,0,0,0,0,0,0,0,0,0,0,0,0
Vancomycin,CN[C@H](CC(C)C)C(=O)N[C@H]1C(=O)N[C@@H](CC(N)=O)C(=O)N[C@H]2C(=O)N[C@H]3C(=O)N[C@H](C(=O)N[C@H](C(=O)O)c4cc(O)cc(O)c4-c4cc3ccc4O)[C@H](O)c3ccc(c(Cl)c3)Oc3cc2cc(c3O[C@@H]2O[C@H](CO)[C@@H](O)[C@H](O)[C@H]2O[C@H]2C[C@](C)(N)[C@H](O)[C@H](C)O2)Oc2ccc(cc2Cl)[C@H]1O,16.01721414,16.01721414,0.09753108,-2.345197559,0.074348004,29.43564356,1449.271,1373.671,1447.4302,542,0,0.330440697,-0.507810286,0.507810286,0.330440697,0.712871287,1.316831683,1.900990099,35.49679308,9.860541944,2.514678714,-2.465307714,2.497319323,-2.642288174,6.321583236,-0.33316387,0.775398175,1.239428306,4074.499152,73.53926501,54.32452698,55.83638487,47.65616109,31.62123162,32.37716056,25.71428135,26.52868161,17.77235434,18.36309347,12.49337022,12.94848637,-9.2,1.20E+25,74.48920068,30.16501983,15.81133473,583.8196751,128.1713069,89.47659525,29.93485761,53.38979667,0,5.969305288,33.56176029,4.794537184,0,0,55.24845539,110.0849836,34.71646842,41.32274382,117.8427491,70.52144317,0,37.21752023,17.385241,156.2010093,13.65455395,116.725296,0,57.12299765,62.89544404,0,45.99609467,23.20187978,190.9495316,52.56688633,5.917906046,105.1081264,78.86277189,10.04526663,11.12690298,0,530.49,237.1138847,75.03795987,14.38361155,46.22204891,0,66.73003775,33.02788052,0,13.8474744,37.21752023,63.09039246,38.29771982,14.10406062,116.8103962,130.5068713,8.003711426,-15.98678485,-0.678665174,-18.55014789,5.659418699,1.472308693,0.424242424,101,21,33,0,7,7,5,0,5,25,19,35,13,0,2,2,12,0.1062,349.2917,1,6,6,0,0,0,0,3,1,1,8,7,0,0,0,0,7,2,0,1,0,0,0,0,0,0,0,7,0,0,0,0,0,0,5,0,15,0,0,0,0,6,0,0,2,0,0,0,0,0,0,0,0,0,0,0,0,0,0,0,0,0,0,0,0,3,3,0,0,0,0,1,0,0,0,0,0,0,0,0,0,0,0,0,0
Ciprofloxacin,O=C(O)c1cn(C2CC2)c2cc(N3CCNCC3)c(F)cc2c1=O,14.60768519,14.60768519,0.137207814,-1.27510223,0.893229876,18.125,331.347,313.203,331.1332197,126,0,0.340723079,-0.477497023,0.477497023,0.340723079,1.25,1.958333333,2.583333333,19.14221558,10.09018091,2.276383401,-2.2977441,2.377072792,-2.434891582,5.932587448,0.069455695,3.403898859,1.948598125,882.7602569,16.8445705,13.0881436,13.0881436,11.55855065,8.133883267,8.133883267,6.373312034,6.373312034,4.729110361,4.729110361,3.313857573,3.313857573,-2.41,672746.5706,15.13729512,5.592172599,2.447861681,137.0430709,19.89032538,11.38067233,0,5.428790392,0,5.969305288,4.794537184,9.184952232,0,0,0,24.97437738,43.80393424,11.20408699,14.29147963,22.55961649,0,9.883888252,0,18.88348407,31.07893535,39.93357762,0,0,15.64548873,10.07780132,0,0,41.82195795,0,5.817220841,29.24147275,23.12411489,0,10.90292493,0,74.57,17.21531652,19.08601681,0,16.99151654,24.2935998,25.93115606,12.26321064,6.066367068,9.467009379,5.316788604,0,16.43241048,0,25.71456571,12.6196285,0.159436099,-1.755300643,3.078098125,3.29053351,2.960628219,0,0.411764706,24,2,6,1,1,2,1,1,2,5,2,7,3,1,1,2,4,1.5833,88.479,0,0,0,0,1,1,0,0,1,1,1,0,0,0,0,2,1,0,0,0,0,0,0,0,0,0,0,0,0,1,0,0,0,0,1,0,1,0,0,0,0,0,0,0,1,0,0,0,0,0,0,0,0,0,0,0,0,0,0,0,0,0,0,0,0,0,0,0,0,0,1,0,0,1,0,0,0,0,0,0,0,0,0,0,0
Cefazolin,Cc1nnc(SCC2=C(C(=O)O)N3C(=O)[C@@H](NC(=O)Cn4cnnn4)[C@H]3SC2)s1,12.59807743,12.59807743,0.015312526,-1.160962284,0.405190454,21,454.519,440.407,454.0300139,152,0,0.352158498,-0.476560678,0.476560678,0.352158498,1.413793103,2.24137931,2.896551724,32.19471231,10.03057668,2.536350125,-2.490297174,2.412818858,-2.703841703,8.014503377,-0.150372879,3.345806278,1.437412095,990.9137443,20.54324112,14.88056966,17.3300594,13.93556075,8.267999599,11.11884953,6.095372751,9.604477186,4.140728478,7.538646067,2.898885851,6.199438783,-2.52,4550942.279,19.78162067,8.076871617,3.970577608,175.6678606,10.423316,34.99245313,4.339655681,5.907179729,5.907179729,5.969305288,14.4889841,9.476340119,0,27.05793037,23.09867083,22.92361192,11.50570721,0,19.49013895,52.64422052,0,40.62131689,0,29.22386293,11.50570721,22.60508761,0,0,5.316788604,0,0,34.86055578,81.11614128,20.92836796,6.9237372,5.007623697,21.9371196,0,0,0,156.09,29.19937839,19.49013895,0,12.24179572,17.07881174,9.347279378,50.76958852,0,6.9237372,31.03960422,0,1.978424632,4.242892128,37.81929318,31.12559746,0.626742533,-1.188987321,-0.77930935,1.290194444,1.718485634,0,0.428571429,29,2,12,0,2,2,0,2,2,12,2,15,7,0,1,1,4,-0.63608,102.8715,1,0,0,0,0,6,0,0,1,1,3,2,0,0,0,7,1,0,0,0,0,0,0,0,0,0,0,2,0,0,1,0,0,0,0,0,1,0,0,0,0,0,0,0,0,0,0,0,0,0,0,0,0,1,0,0,0,0,0,0,0,0,0,0,0,0,0,0,0,0,0,0,0,0,0,2,0,0,0,1,0,0,0,0,0
Mupirocin,C/C(=C\C(=O)OCCCCCCCCC(=O)O)C[C@@H]1OC[C@H](C[C@@H]2O[C@H]2[C@@H](C)[C@H](C)O)[C@@H](O)[C@H]1O,12.05413057,12.05413057,0.016026538,-1.06017789,0.108655686,30.51428571,500.629,456.277,500.298533,202,0,0.330184679,-0.48123039,0.48123039,0.330184679,1.028571429,1.685714286,2.342857143,16.59843319,9.852450919,2.48014299,-2.375087833,2.380338532,-2.500875823,5.822051505,-0.16479648,3.554535639,1.61507222,692.3099433,25.95745468,21.30442285,21.30442285,16.59513191,12.9671837,12.9671837,10.21499274,10.21499274,7.090840517,7.090840517,4.589106345,4.589106345,-1.52,46042084.97,29.70865402,14.89886652,10.55025967,208.0021534,34.63669844,6.103966388,0,0,0,11.93861058,4.794537184,4.794537184,0,0,38.18012822,39.53076089,24.33265382,43.73359587,44.22577281,11.93861058,0,0,11.83581209,115.1824045,13.21376393,11.64912464,0,0,0,0,0,0,82.20228241,23.79966323,11.83581209,78.55860621,11.64912464,0,0,0,146.05,36.35447613,24.90865655,0,30.46456649,38.04933333,32.10410811,6.076020107,13.8474744,6.9237372,0,19.31711626,16.71900964,0,22.51096572,39.4698355,0.707850887,-1.421955429,0,4.614026473,6.066933873,0,0.846153846,35,4,9,0,2,2,0,0,0,8,4,9,16,0,2,2,2,2.5925,128.6542,1,3,3,0,0,0,0,0,1,1,2,1,0,0,0,0,0,0,0,0,0,0,0,0,0,0,0,0,0,0,0,0,0,0,0,0,0,0,0,1,1,3,0,0,0,0,0,0,0,0,0,0,0,0,0,0,0,0,0,0,0,0,0,0,0,0,0,0,0,0,0,0,0,0,0,0,0,0,0,0,0,0,0,6,0
Tetracycline,CN(C)[C@@H]1C(O)=C(C(N)=O)C(=O)[C@@]2(O)C(O)=C3C(=O)c4c(O)cccc4[C@@](C)(O)[C@H]3C[C@@H]12,13.31369504,13.31369504,0.134831349,-2.745033659,0.336110462,34.375,444.44,420.248,444.1532657,170,0,0.255450836,-0.50965062,0.50965062,0.255450836,1.15625,1.78125,2.34375,16.34969918,9.551796936,2.651285643,-2.523626218,2.559896447,-2.646058106,6.244441577,-0.151482772,2.679151582,2.047922027,1148.584975,23.91133089,17.65658511,17.65658511,14.77252126,9.970255028,9.970255028,8.961853969,8.961853969,7.022223248,7.022223248,5.508747012,5.508747012,-3.21,7541988.527,22.00076097,6.644026762,2.478484044,182.4292369,31.26630445,22.84094611,11.38429576,5.783244946,5.907179729,0,19.28352128,0,0,0,12.13273414,39.06972135,17.40891662,17.20634313,39.91624853,17.47366962,0,4.899909731,17.56947957,30.58850127,14.09534397,51.99054299,0,5.749511833,5.733667477,0,5.749511833,0,73.64445193,15.19012518,11.83581209,29.26599899,40.86364001,0,0,0,181.62,74.9674748,39.91624853,0,17.54772461,0,0,44.1180921,0,0,0,5.733667477,0,0,39.85973179,55.03620969,-0.653750873,-7.891260886,3.050557292,-0.199982048,1.40266209,3.062499608,0.409090909,32,7,10,3,0,3,1,0,1,9,6,10,2,0,0,0,4,-0.2144,109.5409,0,4,2,0,0,0,0,1,0,0,3,3,0,0,0,1,0,1,0,1,0,0,0,0,0,0,0,1,0,0,0,0,0,0,1,0,3,0,0,0,0,0,0,0,0,0,0,0,0,0,0,2,2,0,0,0,0,0,0,0,0,0,0,0,0,1,1,0,0,0,0,1,0,0,0,0,0,0,0,0,0,0,0,0,0
Amoxicillin,CC1(C)S[C@@H]2[C@H](NC(=O)[C@H](N)c3ccc(O)cc3)C(=O)N2[C@H]1C(=O)O,12.3475389,12.3475389,0.060620504,-1.056554474,0.553031528,28.04,365.411,346.259,365.1045417,134,0,0.327399385,-0.507966625,0.507966625,0.327399385,1.32,1.92,2.48,32.16690631,9.954360607,2.63767902,-2.433848204,2.503089765,-2.706287544,8.013148749,-0.160710191,2.80360909,1.704346484,735.7906646,18.51614338,13.67078637,14.48728295,11.63073484,7.709501693,8.589154505,6.65360828,8.42449342,4.507365694,6.078896289,3.221484744,4.846881334,-2.26,291485.6299,17.55941929,5.921357992,2.827120048,147.9148923,26.1634206,29.24890713,0,11.81435946,0,5.969305288,9.589074368,4.794537184,0,11.76188495,12.13273414,31.54366003,4.747022453,0,24.59666634,29.5455497,0,10.21669833,5.733667477,42.09389215,0,29.82891977,0,5.749511833,11.05045608,0,5.749511833,11.76188495,55.10120619,14.38361155,0,25.45276672,24.26546827,0,0,0,132.96,46.0300825,24.59666634,0,5.749511833,5.563451492,0,40.92726295,13.8474744,0,5.316788604,5.733667477,-0.648104571,1.353017445,37.47009327,20.86400462,6.409240074,-1.937969118,3.205759786,0,3.533958493,0,0.4375,25,5,8,0,2,2,1,0,1,6,4,9,4,0,2,2,3,0.0237,90.6937,1,0,0,0,0,0,0,1,1,1,3,2,0,0,0,1,1,1,0,0,0,0,0,0,0,0,0,2,0,0,0,0,0,0,1,0,1,0,0,0,0,0,0,0,0,0,0,0,0,0,0,0,0,1,0,0,0,0,0,0,0,0,0,0,0,1,1,0,0,0,0,0,0,0,0,1,0,0,0,0,0,0,0,0,0
penicillin G,CC1(C)S[C@@H]2[C@H](NC(=O)Cc3ccccc3)C(=O)N2[C@H]1C(=O)O,12.26831885,12.26831885,0.202141519,-1.007025846,0.79776327,28,334.397,316.253,334.0987281,122,0,0.327399385,-0.479672802,0.479672802,0.327399385,1.304347826,1.956521739,2.565217391,32.16690615,9.956816977,2.636207543,-2.431336902,2.502245089,-2.702918493,8.013146257,-0.160588038,2.741987834,1.664903596,661.3038986,16.7756564,12.85332929,13.66982587,10.80936764,7.371634472,8.251287283,6.305705977,8.076591116,4.198926417,5.770457012,3.151138395,4.776534985,-2.02,129114.7231,15.8597524,5.559882097,2.692385836,137.7807679,15.32322573,17.45755447,0,11.81435946,0,5.969305288,9.589074368,4.794537184,0,11.76188495,30.33183534,19.41092589,4.747022453,6.420821623,19.49013895,29.5455497,0,10.21669833,0,42.47287295,0,35.89528683,0,0,5.316788604,0,0,11.76188495,49.9946788,20.80443318,0,19.41092589,30.33183534,0,0,0,86.71,22.8000094,19.49013895,0,23.60905389,0,5.563451492,16.66179468,0,44.17930974,5.316788604,0,-0.578305892,1.423707431,37.19097429,11.78943875,0.871709197,-1.55492603,7.784420219,0.202141519,3.620840524,0,0.4375,23,2,6,0,2,2,1,0,1,4,2,7,4,0,2,2,3,0.8608,85.8045,1,0,0,0,0,0,0,0,1,1,3,2,0,0,0,1,1,0,0,0,0,0,0,0,0,0,0,2,0,0,0,0,0,0,1,0,1,0,0,0,0,0,0,0,0,0,0,0,0,0,0,0,0,1,0,0,0,0,0,0,0,0,0,0,0,0,0,0,0,0,0,0,0,0,0,1,0,0,0,0,0,0,0,0,0
Colistin,CC(C)CCCCC(=O)N[C@@H](CCN)C(=O)N[C@@H](CN[C@@H](CCN)C(=O)N[C@H]1CCNC(=O)[C@H]([C@@H](C)O)NC(=O)[C@H](CCN)NC(=O)[C@H](CCN)NC(=O)[C@H](CC(C)C)NC(=O)[C@@H](CC(C)C)NC(=O)[C@H](CCN)NC1=O)[C@@H](C)O.CCC(C)CCCCC(=O)N[C@@H](CCN)C(=O)N[C@@H](CN[C@@H](CCN)C(=O)N[C@H]1CCNC(=O)[C@H]([C@@H](C)O)NC(=O)[C@H](CCN)NC(=O)[C@H](CCN)NC(=O)[C@H](CC(C)C)NC(=O)[C@@H](CC(C)C)NC(=O)[C@H](CCN)NC1=O)[C@@H](C)O,14.42691455,14.42691455,0.035204232,-1.637790428,0.025149154,23.57142857,2296.971,2093.355,2295.556975,926,0,0.244772793,-0.391229301,0.391229301,0.244772793,0.279503106,0.52173913,0.757763975,16.28304231,9.989000523,2.423250843,-2.290770747,2.192169492,-2.607335876,6.012270528,-0.135972339,1.747133595,1.61E-06,4487.767518,122.0010271,97.62499543,97.62499543,75.98080389,57.19563824,57.19563824,43.91098816,43.91098816,26.97501451,26.97501451,17.44646392,17.44646392,-11.24,7.56E+49,147.7666774,81.39221657,59.1404846,947.5906518,194.7321336,96.66945327,0,118.1435946,0,0,95.89074368,0,0,0,115.1889545,244.2247383,39.02066887,48.58322887,116.3168533,118.1435946,0,116.9693493,92.84411105,416.5530179,91.62658968,0,0,0,174.3060241,0,0,0,375.448976,95.89074368,35.50743628,271.3003358,0,0,0,0,947.18,251.5819173,116.3168533,0,242.6873625,24.67745534,32.10410811,27.6949488,55.3898976,0,144.6642981,57.33667477,0,0,277.4427976,101.6712581,58.71244627,-15.15438712,-25.95695401,-0.155028842,26.2732014,0,0.80952381,161,46,56,0,2,2,0,0,0,36,36,56,59,0,2,2,2,-10.3261,606.0736,0,4,4,0,0,0,0,0,0,0,20,20,0,0,0,0,22,10,0,0,0,0,0,0,0,0,0,20,0,0,0,0,0,0,0,0,0,0,0,0,0,0,0,0,0,0,0,0,0,0,0,0,0,0,0,0,0,0,0,0,0,0,0,0,0,0,0,0,0,0,0,0,0,0,0,0,0,0,0,0,0,0,0,2,0
Carbenicillin,CC1(C)S[C@@H]2[C@H](NC(=O)C(C(=O)O)c3ccccc3)C(=O)N2[C@H]1C(=O)O,12.51094451,12.51094451,0.309209197,-1.437283373,0.50295113,27.23076923,378.406,360.262,378.0885573,138,0,0.327399385,-0.480398813,0.480398813,0.327399385,1.192307692,1.807692308,2.346153846,32.16690639,9.941163805,2.639155704,-2.433697796,2.503527402,-2.705836062,8.013151071,-0.161042455,2.815383921,1.778325532,780.7175958,19.22325016,14.07903466,14.89553124,12.14757159,7.958284037,8.837936849,6.766339129,8.537224268,4.614736837,6.186267432,3.433593096,5.058989686,-2.55,472094.8375,18.24735681,6.31297234,2.815049453,153.1014659,20.42975312,17.45755447,5.917906046,11.81435946,0,11.93861058,14.38361155,4.794537184,0,11.76188495,30.33183534,19.41092589,4.747022453,0,29.39120353,35.51485498,0,10.21669833,0,41.96995737,0,35.89528683,0,0,5.316788604,0,0,11.76188495,61.07051148,19.17814874,0,25.32883194,30.33183534,0,0,0,124.01,51.87545301,29.39120353,0,0,5.563451492,0,28.79452882,32.0465756,0,5.316788604,0,-0.711044577,1.285905087,49.19024207,20.7765587,0.309209197,-5.15869347,6.103543687,0,3.45427931,0,0.411764706,26,3,8,0,2,2,1,0,1,5,3,9,5,0,2,2,3,0.4865,92.4773,2,0,0,0,0,0,0,0,2,2,4,2,0,0,0,1,1,0,0,0,0,0,0,0,0,0,0,2,0,0,0,0,0,0,1,0,1,0,0,0,0,0,0,0,0,0,0,0,0,0,0,0,0,1,0,0,0,0,0,0,0,0,0,0,0,0,0,0,0,0,0,0,0,0,0,1,0,0,0,0,0,0,0,0,0
Cephalexin,CC1=C(C(=O)O)N2C(=O)[C@@H](NC(=O)[C@H](N)c3ccccc3)[C@H]2SC1.O,12.31056185,12.31056185,0,-1.127857893,0.620426514,23.12,365.411,346.259,365.1045417,134,0,0.352114881,-0.476561191,0.476561191,0.352114881,1.36,2,2.6,32.16663684,10.01294411,2.534278531,-2.489529774,2.397059759,-2.705383237,7.998327838,-0.150444048,2.585085859,2.25E-06,736.5455521,17.43035694,13.43067956,14.24717614,11.41359136,7.401373312,8.450128102,5.718510597,6.823503103,4.10036765,5.524552344,2.830122063,4.122877966,-2.36,232419.8994,18.97125191,7.257737419,3.255013764,147.911809,21.63317531,23.15459378,0,5.907179729,5.907179729,5.969305288,14.4889841,4.794537184,0,11.76188495,30.33183534,18.06029322,5.752853607,0,24.96633078,29.5455497,0,10.21669833,5.733667477,24.38129167,5.752853607,47.16543068,0,0,11.05045608,0,0,11.76188495,50.43486096,14.38361155,0,18.52902952,41.60197919,0,0,0,144.23,35.24121922,19.49013895,0,11.17323115,16.88940963,0,16.66179468,31.18920547,6.066367068,5.316788604,5.733667477,0,1.431943447,37.20740721,11.52811248,7.236305905,-1.495251861,7.233170952,0,1.691645198,0,0.3125,25,6,8,0,2,2,1,0,1,5,3,9,4,0,1,1,3,-0.3798,92.3427,1,0,0,0,0,0,0,0,1,1,3,2,0,0,0,1,1,1,0,0,0,0,0,0,0,0,0,2,0,0,0,0,0,0,1,0,1,0,0,0,0,0,0,0,0,0,0,0,0,0,0,0,0,1,0,0,0,0,0,0,0,0,0,0,0,0,0,0,0,0,0,0,0,0,0,1,0,0,0,0,0,0,0,0,0
Cefixime,C=CC1=C(C(=O)O)N2C(=O)[C@@H](NC(=O)/C(=N\OCC(=O)O)c3csc(N)n3)[C@H]2SC1,12.71779998,12.71779998,0.042017612,-1.300251749,0.226185255,20.86666667,453.458,438.338,453.0412898,158,0,0.352464785,-0.478646377,0.478646377,0.352464785,1.466666667,2.2,2.766666667,32.16668067,10.02130158,2.537884362,-2.487345809,2.400657052,-2.705813505,7.998465661,-0.149722672,3.128295926,1.793850471,1001.861619,21.99927104,15.1018777,16.73487086,14.23928986,8.217460254,10.14586786,5.922115121,7.916788593,4.056860073,6.032926927,2.762159723,4.650088959,-3.39,4078187.343,21.3220185,8.542986842,3.993559369,176.6149522,26.10109945,22.80668095,10.84324348,6.606881965,11.81435946,11.93861058,14.4889841,14.57305289,0,23.09867083,17.81066852,5.57310453,11.13291638,0,34.22879211,57.69488434,0,15.20067686,5.155712727,11.41571364,18.09340305,34.9990904,0,0,11.05045608,5.13155848,0,23.09867083,73.33704729,24.01573732,0,5.693927995,34.46087513,0,0,0,184.51,41.77556564,24.28467613,0,22.23421079,11.32595814,16.23669561,23.21796783,0,0,26.87300412,10.84019487,0,2.296980502,57.10835674,25.03235373,5.477847834,-3.723218269,-1.01030397,1.378032959,2.773283805,0,0.25,30,5,12,0,2,2,0,1,1,10,4,14,8,0,1,1,3,-0.5448,106.5327,2,0,0,1,0,1,0,0,2,2,4,2,0,0,0,3,1,1,0,0,0,0,0,0,0,0,1,2,0,1,0,0,0,0,0,0,1,0,0,0,0,0,0,0,0,0,0,0,0,0,0,0,0,1,0,0,0,0,0,0,0,0,0,1,0,0,0,0,0,0,0,0,0,0,0,1,0,0,0,0,1,0,0,0,0
Amikacin,NCC[C@H](O)C(=O)N[C@@H]1C[C@H](N)[C@@H](O[C@H]2O[C@H](CN)[C@@H](O)[C@H](O)[C@H]2O)[C@H](O)[C@H]1O[C@H]1O[C@H](CO)[C@@H](O)[C@H](N)[C@H]1O,12.57843074,12.57843074,0.010081054,-1.755830655,0.113063794,47.05,585.608,542.264,585.2857364,234,0,0.248699663,-0.393567282,0.393567282,0.248699663,0.85,1.45,2.05,16.72419483,9.830739595,2.5220862,-2.485151349,2.316643212,-2.692610517,5.803959385,-0.33223803,2.923761602,1.847903729,815.0542714,29.88602239,21.70148951,21.70148951,18.85188073,13.06511719,13.06511719,10.33421477,10.33421477,7.508939993,7.508939993,5.067082308,5.067082308,-1.17,351840389.6,33.33353044,14.33513454,7.061065381,229.26454,88.05112949,67.14363027,12.58005346,5.907179729,0,0,4.794537184,0,0,0,0,19.38639965,12.58659724,18.69056362,64.59420816,5.907179729,0,5.316788604,22.93466991,110.6908495,19.69639478,0,0,0,28.25145851,0,0,0,164.3049999,23.741989,0,12.84164325,0,0,0,0,331.94,110.3632679,45.64675634,0,25.93115606,0,0,0,0,0,5.316788604,41.88212172,22.50898775,0,12.57843074,84.85156989,23.07815814,-0.845165471,-3.454383432,-19.81915048,-0.898447133,0,0.954545455,40,17,18,1,2,3,0,0,0,17,13,18,10,1,2,3,3,-8.4242,131.4257,0,8,8,0,0,0,0,0,0,0,1,1,0,0,0,0,1,4,0,0,0,0,0,0,0,0,0,1,0,0,0,0,0,0,0,0,0,0,0,0,0,4,0,0,0,0,0,0,0,0,0,0,0,0,0,0,0,0,0,0,0,0,0,0,0,0,0,0,0,0,0,0,0,0,0,0,0,0,0,0,0,0,0,0,0
Co-trimoxazole,COc1cc(Cc2cnc(N)nc2N)cc(OC)c1OC.Cc1cc(NS(=O)(=O)c2ccc(N)cc2)no1,11.88854308,11.88854308,0.117919501,-3.644814815,0.236765477,10.73684211,543.606,514.374,543.1900026,202,0,0.262637665,-0.492704456,0.492704456,0.262637665,0.947368421,1.578947368,2.078947368,32.23327274,10.05555207,2.160745624,-2.140671601,2.384231474,-2.125706398,7.923200657,0.32363392,3.288315975,2.15E-07,1465.637598,27.87166824,21.25733856,22.07383514,18.05441234,11.03324867,12.51641192,7.846381934,9.528784175,5.093048587,6.463683517,3.285911507,4.269673507,-4.72,200677900.5,27.86077653,12.01077363,6.941075204,219.5088028,35.93468623,11.5781102,17.31688644,11.69785111,10.02329115,0,4.722094864,13.40177551,4.983978521,0,5.156663257,48.8853911,29.93487003,26.2248761,27.15148078,33.29474226,0,15.1246203,0,18.2400423,43.25248992,65.54856345,0,17.2485355,36.13368616,23.27145111,17.2485355,0,44.87180991,16.44411278,6.9237372,16.8871504,58.07999146,0,0,0,203.73,10.02329115,8.417796984,0,16.66168553,40.93485359,11.12690298,30.33183534,34.4499734,12.13273414,19.84671516,35.93468623,46.77175779,0,8.018290816,3.554049351,19.03499142,2.90793755,11.08689075,2.142538502,1.674618089,1.058925732,0.208333333,38,7,13,0,0,0,2,2,4,12,4,14,8,0,0,0,4,2.62362,142.6637,0,0,0,3,0,3,0,0,0,0,0,0,0,0,0,3,1,3,0,0,0,0,0,0,0,0,0,0,0,4,1,0,0,0,2,0,0,0,0,0,0,3,0,0,0,0,0,0,0,0,0,0,0,0,0,3,0,0,0,0,0,0,0,0,0,0,0,0,0,0,0,0,0,0,0,0,1,0,0,0,0,0,0,0,0
Clindamycin,CCC[C@@H]1C[C@@H](C(=O)N[C@@H]([C@H]2O[C@H](SC)[C@H](O)[C@@H](O)[C@H]2O)[C@H](C)Cl)N(C)C1,12.90096333,12.90096333,0.147484883,-1.361937506,0.438273017,39.92592593,424.991,391.727,424.1798708,158,0,0.237217365,-0.387508441,0.387508441,0.237217365,1.333333333,2,2.555555556,35.49574543,9.924324005,2.480349009,-2.436722434,2.307969255,-2.646830602,7.986428886,-0.204725324,2.986507094,2.094099659,498.372441,20.30060043,16.41614327,17.9885688,12.70481502,9.578734509,11.30307139,7.734255416,9.35868765,5.630970274,6.757014718,4.113387235,4.99902162,-0.09,784871.9833,23.19150062,10.0937237,5.2911618,170.3254454,25.37323374,29.85186392,0,5.907179729,0,0,9.694446915,0,0,23.36282484,13.34455882,38.98672766,6.544756406,17.46076953,24.85098232,29.27000457,0,10.21669833,5.917906046,80.42257272,19.84819757,0,0,0,5.316788604,0,0,23.36282484,93.28750267,9.531400138,5.917906046,33.10993927,0,0,0,0,102.26,41.27079262,20.11411937,0,11.94902056,5.917906046,25.80722127,11.76188495,13.17950638,11.94758171,12.2405258,16.33780284,5.794234216,7.548110586,14.94964834,33.02440465,-0.702493062,0.349725276,-0.933654888,-0.097964156,4.7397555,1.939344648,0.944444444,27,4,7,0,2,2,0,0,0,7,4,9,7,0,2,2,2,0.3895,106.8751,0,3,3,0,0,0,0,0,0,0,1,1,0,0,0,1,1,0,0,1,1,0,0,0,0,1,0,1,0,0,0,0,0,0,0,0,0,0,0,0,0,1,0,0,1,0,0,0,0,0,0,0,0,0,0,0,0,0,0,0,0,0,0,0,0,0,0,0,0,0,0,0,0,0,0,1,0,0,0,0,0,0,0,0,0
Nitrofurantoin,O=C1CN(/N=C/c2ccc([N+](=O)[O-])o2)C(=O)N1,11.06077649,11.06077649,0.114674981,-0.691042953,0.345747846,15.64705882,238.159,232.111,238.0338193,88,0,0.433061638,-0.399592248,0.433061638,0.399592248,1.529411765,2.294117647,2.823529412,16.64845383,10.47505925,2.255993445,-2.020033667,2.136496507,-2.235267456,6.016341791,-0.401730431,2.822017561,2.070287586,519.7401441,12.41384908,8.322039828,8.322039828,8.058550648,4.456197332,4.456197332,3.088659307,3.088659307,1.891059672,1.891059672,1.160733316,1.160733316,-2.71,9165.913038,10.79610799,4.04025345,2.274603973,93.83084397,4.417150937,11.46806745,5.760247419,5.907179729,0,11.91529671,20.22564406,9.803449708,5.101407526,0,0,6.066367068,0,12.28096765,18.92953635,24.03707702,0,10.32570113,5.101407526,0,6.544756406,28.00729982,0,0,5.316788604,10.67871939,0,0,34.6298748,4.794537184,10.11431827,5.760247419,21.6512926,0,0,0,118.05,22.74578749,19.70339264,0,12.30500382,0,17.28988017,6.066367068,0,5.316788604,5.101407526,4.417150937,4.775271873,0,31.49602891,16.88217818,0,-0.768681212,1.848024508,1.11625,-0.182405596,0,0.125,17,1,9,0,1,1,0,1,1,6,1,9,3,0,1,1,2,0.0735,53.2011,0,0,0,0,0,0,0,0,0,0,2,2,0,0,0,3,1,0,0,0,0,0,0,0,0,0,0,3,0,0,0,0,0,0,0,0,0,0,0,0,0,0,1,0,0,0,1,0,1,0,0,0,0,0,0,0,0,0,1,0,0,0,0,0,0,0,0,0,0,0,0,0,0,0,0,0,0,0,0,0,0,0,0,0,1
Nalidixic acid,CCn1cc(C(=O)O)c(=O)c2ccc(C)nc21,11.91519274,11.91519274,0.217589758,-1.208634259,0.849523695,10.70588235,232.239,220.143,232.0847922,88,0,0.340724877,-0.477497013,0.477497013,0.340724877,1.470588235,2.176470588,2.764705882,16.36620625,10.15571613,2.139668647,-2.087686384,2.102661253,-2.189669653,5.912009278,0.06945906,2.28567803,2.946743973,658.5837076,12.57698579,9.597294956,9.597294956,8.040912558,5.283567656,5.283567656,3.786866611,3.786866611,2.631695422,2.631695422,1.753265614,1.753265614,-2.17,6765.60697,11.31940715,4.00892017,1.795766659,97.33938151,9.673627043,11.21062871,0,5.428790392,0,5.969305288,4.794537184,9.778515705,0,0,0,25.98020854,18.43552797,5.386224214,9.901064579,17.00270672,0,9.551078169,0,20.39223081,0,39.81028477,0,0,5.428790392,0,0,0,20.62691085,6.544756406,6.9237372,22.97565387,23.12411489,0,11.03340144,0,72.19,11.39809568,9.589074368,0,5.563451492,17.57815784,5.693927995,6.196843572,16.69983378,13.8474744,4.983978521,5.106527395,1.673796296,0,27.15973199,9.310701216,0.624424131,-1.208634259,3.327345049,1.346666667,4.265968915,0,0.25,17,1,5,0,0,0,0,2,2,4,1,5,2,0,0,0,2,1.42302,63.3733,0,0,0,0,1,2,0,0,1,1,1,0,0,0,0,2,0,0,0,0,0,0,0,0,0,0,0,0,0,0,2,0,0,0,0,0,1,0,0,0,0,0,0,0,0,0,0,0,0,0,0,0,0,0,0,0,0,0,0,0,0,0,0,0,0,0,0,0,0,0,0,0,0,2,0,0,0,0,0,0,0,0,0,0,0
Streptomycin,CN[C@@H]1[C@H](O[C@H]2[C@H](O[C@H]3[C@H](O)[C@@H](O)[C@H](N=C(N)N)[C@@H](O)[C@@H]3N=C(N)N)O[C@@H](C)[C@]2(O)C=O)O[C@@H](CO)[C@H](O)[C@H]1O,12.06698364,12.06698364,0.139854452,-2.383546555,0.068244795,47.425,581.58,542.268,581.2656697,230,0,0.187763344,-0.393566529,0.393566529,0.187763344,0.9,1.5,2.025,16.76083165,9.814001115,2.604320125,-2.451212772,2.381253115,-2.663036817,5.763827324,-0.313842046,3.130220139,1.964431069,939.6818091,30.10156534,21.74292571,21.74292571,18.70786943,12.37742703,12.37742703,9.891268208,9.891268208,7.336520443,7.336520443,5.079629559,5.079629559,-2.27,309841679,32.24716441,12.71394705,6.002997604,227.8960091,82.94460209,60.91541276,36.38637393,0,0,0,4.794537184,9.984809465,0,0,0,13.97140918,0,18.75268918,59.48768076,18.20526966,0,5.316788604,32.91947937,98.16606145,13.65455395,0,0,0,28.25145851,0,0,0,158.8478396,23.741989,0,6.9237372,9.984809465,0,0,0,336.43,109.7683153,40.54022895,0,6.286160523,0,0,13.97140918,0,0,15.30159807,41.88212172,22.94253289,0,19.68950598,76.63545538,19.37966076,-1.033988378,-4.081214578,-17.31987664,0.620008935,1.417915666,0.857142857,40,16,19,1,2,3,0,0,0,15,12,19,9,1,2,3,3,-8.1611,132.9189,0,7,6,0,0,0,0,0,0,0,1,1,0,0,2,2,1,4,0,1,0,0,0,1,0,0,0,0,0,0,0,0,0,0,0,0,0,0,0,0,0,4,0,2,0,0,0,0,0,0,0,0,0,0,0,0,0,0,0,0,0,0,0,0,0,0,0,0,0,0,0,0,0,0,0,0,0,0,0,0,0,0,0,0,0
Penicillin,CC1(C)S[C@@H]2[C@H](NC(=O)Cc3ccccc3)C(=O)N2[C@H]1C(=O)[O-].[K+],12.24054107,12.24054107,0,-1.257025846,0.438227159,26.83333333,372.487,355.351,372.0546097,122,0,1,-0.54783207,1,0.54783207,1.291666667,1.916666667,2.5,,,,,,,,,2.741987834,2.08E-06,667.3010737,16.7756564,13.81436398,17.75396619,10.80936764,7.352151819,8.23180463,6.286503902,8.057389042,4.188271861,5.759802456,3.132174526,4.75297901,-0.383636364,129114.7231,19.93474967,7.46851802,3.586120563,186.7033326,20.11776291,11.41571364,0,11.81435946,0,51.38453491,9.589074368,0,0,11.76188495,30.33183534,19.41092589,4.747022453,18.43196774,70.87467385,29.5455497,0,10.21669833,0,42.47287295,0,35.89528683,0,0,61.80785091,0,0,11.76188495,44.8881514,20.80443318,0,19.41092589,30.33183534,0,0,0,89.54,22.8000094,19.49013895,0,74.9935888,0,5.563451492,16.66179468,13.8474744,30.33183534,5.316788604,0,-0.640805892,1.383707431,36.97723972,13.68886786,0.861709197,-1.86055103,7.609196356,0.18979584,3.540840524,0,0.4375,24,1,6,0,2,2,1,0,1,5,1,8,4,0,2,2,3,-3.4699,83.1757,1,0,0,0,0,0,0,0,1,1,3,3,0,0,0,1,1,0,0,0,0,0,0,0,0,0,0,2,0,0,0,0,0,0,1,0,1,0,0,0,0,0,0,0,0,0,0,0,0,0,0,0,0,1,0,0,0,0,0,0,0,0,0,0,0,0,0,0,0,0,0,0,0,0,0,1,0,0,0,0,0,0,0,0,0
Piperacillin,CCN1CCN(C(=O)N[C@@H](C(=O)N[C@@H]2C(=O)N3[C@@H]2SC(C)(C)[C@@H]3C(=O)O)c2ccccc2)C(=O)C1=O,13.31949337,13.31949337,0.020020006,-1.261721545,0.344807402,25.69444444,517.564,490.348,517.1631192,192,0,0.327399385,-0.479672802,0.479672802,0.327399385,1.111111111,1.777777778,2.388888889,32.16690711,9.953713695,2.639188578,-2.435867767,2.503644671,-2.708582474,8.013161622,-0.160762157,3.102907875,1.508034016,1127.109137,26.36107836,19.96406518,20.78056176,16.9732701,11.469536,12.34918881,9.219203812,10.99008895,6.571314784,8.142845379,4.699151732,6.324548321,-3.61,71779220.36,25.48193797,9.44909,4.271776707,210.8836274,25.53992406,23.4993953,0,11.81435946,0,23.81477926,24.07805847,9.589074368,0,11.76188495,30.33183534,26.33466309,24.38129167,0,33.8737505,47.39102367,0,25.3333064,0,49.01762935,19.63426922,35.89528683,0,0,10.63357721,4.794537184,0,11.76188495,97.27424145,23.97268592,0,32.37650392,30.33183534,0,0,0,156.43,63.87555647,33.8737505,0,13.08951281,12.1082079,4.899909731,21.56170441,51.10304694,0,10.63357721,0,-0.757720023,1.28200968,78.81073305,14.18007738,0.40348667,-4.120721688,4.111258895,0,5.674209371,0,0.47826087,36,3,12,0,3,3,1,0,1,7,3,13,6,0,3,3,4,-0.2403,127.3402,1,0,0,0,0,0,0,0,1,1,6,5,0,0,0,3,2,0,0,1,0,0,0,0,0,0,0,6,0,0,0,0,0,0,1,0,1,0,0,0,0,0,0,0,0,0,0,0,1,0,0,0,0,1,0,0,0,0,0,0,0,0,0,0,0,0,0,0,0,0,1,0,0,0,0,1,0,0,0,0,0,0,0,0,1
Faropenem,C[C@@H](O)[C@H]1C(=O)N2C(C(=O)O)=C([C@H]3CCCO3)S[C@H]12,11.97425217,11.97425217,0.045185185,-1.09917328,0.728720196,35.36842105,285.321,270.201,285.0670936,104,0,0.353083457,-0.476537702,0.476537702,0.353083457,1.578947368,2.315789474,2.842105263,32.16671152,9.918181315,2.581174091,-2.430581656,2.520577473,-2.602856054,8.037104854,-0.156279612,2.916462868,1.912371889,468.7402012,13.73168633,10.40535537,11.22185195,9.019744508,6.289285759,7.168938571,5.00271256,6.161225264,3.75070193,5.206404834,2.820358873,4.520631874,-1.05,26245.24935,12.95740573,4.501629733,1.794242157,113.9545184,14.94991774,11.07091213,0,5.907179729,0,5.969305288,9.694446915,4.794537184,0,0,11.76188495,19.76538045,11.51201848,18.12583882,24.53899211,23.63836997,0,4.899909731,5.917906046,37.34718603,6.606881965,10.60217583,0,0,0,0,0,11.76188495,51.17813709,14.32593732,5.917906046,19.76538045,10.60217583,0,0,0,87.07,17.99117772,19.80212916,0,23.08205824,11.51201848,12.84164325,16.66179468,6.9237372,0,0,4.736862954,5.530173375,1.353194444,25.29582341,18.63994615,0.045185185,-1.92218254,0,0.705638385,2.185554926,0,0.666666667,19,2,6,0,3,3,0,0,0,5,2,7,3,0,2,2,3,0.3737,67.0316,1,1,1,0,0,0,0,0,1,1,2,1,0,0,0,1,0,0,0,0,0,0,0,0,0,0,0,1,0,0,0,0,0,0,0,0,1,0,0,0,0,1,0,0,0,0,0,0,0,0,0,0,0,1,0,0,0,0,0,0,0,0,0,0,0,0,0,0,0,0,0,0,0,0,0,1,0,0,0,0,0,0,0,0,0
Ceftazidime,CC(C)(O/N=C(\C(=O)N[C@@H]1C(=O)N2C(C(=O)[O-])=C(C[n+]3ccccc3)CS[C@H]12)c1csc(N)n1)C(=O)O,13.11432809,13.11432809,0.026488473,-1.753218546,0.14740151,19.67567568,546.587,524.411,546.099139,194,0,0.349825159,-0.54319073,0.54319073,0.349825159,1.351351351,2.054054054,2.648648649,32.1666812,10.01930101,2.531707338,-2.50033944,2.397776981,-2.713974382,7.998363913,-0.688622951,3.279136562,1.551044932,1323.781459,26.90504844,19.61242029,21.24541345,17.49090819,10.83246207,12.76086967,8.566011457,10.56068493,5.537756986,7.551281319,3.562691225,5.44568251,-3.98,130887863.9,26.09349825,10.17803037,5.266772289,218.156211,30.89563664,17.10964164,29.78168703,5.601050811,11.81435946,5.969305288,14.4889841,14.34561535,0,23.09867083,11.2220798,13.8474744,28.83875504,11.6663446,38.79589176,57.69488434,0,15.20067686,5.155712727,37.40899526,11.48652108,52.93692296,0,0,20.72408312,5.13155848,0,23.09867083,67.22468874,30.56049373,0,19.54140239,52.39870769,0,0,0,191.22,40.76973449,29.39120353,0,28.7789672,11.32595814,16.23669561,30.98942212,29.09352093,6.066367068,15.45647985,10.57125606,1.781343351,2.320045105,59.63486168,28.36505871,3.830931506,-4.006866212,4.364278804,3.550427347,2.743253047,0,0.318181818,37,4,13,0,2,2,0,2,2,11,3,15,9,0,1,1,4,-1.2992,129.5559,2,0,0,1,0,2,0,0,2,2,4,3,0,0,0,4,1,1,0,0,0,0,0,0,0,0,0,2,0,1,0,0,0,0,0,0,1,0,0,0,0,0,0,0,0,0,0,0,0,0,0,0,0,1,0,0,0,0,0,0,0,0,0,1,0,0,0,0,0,0,0,0,0,1,0,1,0,0,0,0,1,0,0,0,0
Ceftriaxone,CO/N=C(\C(=O)N[C@@H]1C(=O)N2C(C(=O)O)=C(CSc3nc(=O)c(O)nn3C)CS[C@H]12)c1csc(N)n1,12.91680492,12.91680492,0.101970967,-1.306214252,0.130680273,19.55555556,554.592,536.448,554.0460579,190,0,0.352158502,-0.488303783,0.488303783,0.352158502,1.388888889,2.138888889,2.777777778,32.16802576,10.02564826,2.540403154,-2.4900725,2.410776924,-2.706802464,8.005513176,-0.14974008,3.266455922,1.507133729,1370.63648,26.14553541,18.56730973,21.01679947,17.11629996,9.924550051,12.83855621,7.247123468,10.18429558,4.984157927,8.104191366,3.410360038,6.350566739,-3.64,86964842.01,25.45283184,10.15191439,4.732984776,213.9571863,26.10109945,29.91647849,15.99967996,0,17.6943478,11.52857218,19.28352128,14.46031864,4.983978521,28.19735264,16.91759768,5.57310453,23.93344197,0,29.43425493,63.48746401,0,29.96514012,12.20338471,16.57215012,24.34917223,32.69793869,0,5.879988336,16.60972298,5.13155848,5.879988336,34.86055578,88.38797445,26.26887212,0,5.693927995,31.75689301,0,0,0,215.22,40.63863362,29.39120353,0,38.89635449,5.57310453,27.99858056,35.98122018,0,0,25.53914018,10.57125606,1.191105992,3.409793021,62.9422983,30.32908056,4.93684025,-3.039909863,-0.992705058,0,0,2.723496797,0.333333333,36,5,15,0,2,2,0,2,2,15,4,18,8,0,1,1,4,-1.199,129.4187,1,0,0,1,0,4,0,1,1,1,3,2,0,0,0,6,1,1,0,0,0,0,0,0,0,0,0,2,0,1,1,0,0,0,0,0,1,0,0,0,0,0,0,0,0,0,0,0,0,0,0,0,0,1,0,0,0,0,0,0,0,0,0,1,0,0,0,0,0,0,0,0,0,0,0,2,0,0,0,0,1,0,0,0,0
Cefotaxime,CO/N=C(\C(=O)N[C@@H]1C(=O)N2C(C(=O)[O-])=C(COC(C)=O)CS[C@H]12)c1csc(N)n1.[Na+],12.64706907,12.64706907,0,-1.569294951,0.127146262,20.25806452,477.456,461.328,477.0388841,160,0,1,-0.543192876,1,0.543192876,1.451612903,2.161290323,2.709677419,,,,,,,,,3.126347728,3.41E-06,979.313515,21.99927104,16.73949004,20.3724832,14.23928986,8.389819814,10.31822742,6.074266261,8.068939734,4.139063971,6.152588304,2.873311205,4.748348729,-2.13,4041551.635,25.13334404,10.45531285,5.203688724,206.0372663,30.5259722,30.82632114,10.84324348,0,11.81435946,35.52659132,19.28352128,4.983978521,0,23.09867083,5.155712727,0,23.62975811,11.6663446,63.4164137,57.69488434,0,15.20067686,5.155712727,18.33945084,25.20320059,22.34413461,0,0,45.71426951,5.13155848,0,23.09867083,70.23379004,28.75260027,0,12.61766519,21.80591934,0,0,0,176.34,35.16868368,24.28467613,0,69.72433692,0,16.23669561,31.17548246,0,0,20.29406844,10.47053043,4.850653423,2.31866822,57.54433745,18.83099006,5.46480463,-3.347918795,-0.995218306,0,0.919196101,1.247820547,0.375,31,3,12,0,2,2,0,1,1,12,2,15,7,0,1,1,3,-4.9532,103.7611,1,0,0,1,0,1,0,0,1,1,4,4,0,0,0,3,1,1,0,0,0,0,0,0,0,0,0,2,0,1,0,0,0,0,0,0,1,0,0,0,1,1,0,0,0,0,0,0,0,0,0,0,0,1,0,0,0,0,0,0,0,0,0,1,0,0,0,0,0,0,0,0,0,0,0,1,0,0,0,0,1,0,0,0,0
Rifampicin,CO[C@H]1/C=C/O[C@@]2(C)Oc3c(C)c(O)c4c(O)c(c(/C=N/N5CCN(C)CC5)c(O)c4c3C2=O)NC(=O)/C(C)=C\C=C\[C@H](C)[C@H](O)[C@@H](C)[C@@H](O)[C@@H](C)[C@H](OC(C)=O)[C@@H]1C,14.42562962,14.42562962,0.055939582,-2.042566018,0.109484845,32.06779661,822.953,764.489,822.4051233,322,0,0.312109195,-0.506735678,0.506735678,0.312109195,0.949152542,1.610169492,2.237288136,16.70616735,9.78126182,2.4964557,-2.375655077,2.547004844,-2.461723061,6.234647895,-0.160224304,3.461567498,1.703590875,2072.62807,43.67011496,35.34677769,35.34677769,27.73088403,19.78851716,19.78851716,16.11912611,16.11912611,11.86307821,11.86307821,7.92329832,7.92329832,-5.16,3.4434E+12,44.93389856,17.99184475,8.905370775,343.9147589,54.69678712,23.35250189,5.749511833,0,11.69042468,11.75641644,19.39252408,0,5.101407526,0,45.92300912,26.97116649,87.33070199,52.98909366,58.86370034,40.33416525,0,9.908822255,28.77303171,85.5928743,45.65328375,52.82961988,0,22.99804733,10.05365156,5.687386275,22.99804733,0,129.8552616,23.79966323,30.59536138,69.95105206,41.24067293,0,10.77244843,0,220.15,88.78286635,39.91624853,0,44.47280554,13.08951281,13.08951281,59.43346758,44.85590154,7.047671983,15.31810586,18.94745182,23.59642052,0,42.62670316,66.84818412,-0.350055308,-8.342717254,0,4.860384795,15.09043562,3.420644351,0.534883721,59,6,16,0,4,4,2,0,2,15,6,16,4,0,1,1,6,4.33542,220.4792,0,2,2,0,0,0,0,3,0,0,3,3,0,0,0,3,1,0,0,1,0,0,0,0,0,0,2,1,0,1,0,0,0,0,2,0,14,0,0,0,1,4,0,0,0,0,1,0,0,0,0,1,1,0,0,1,0,0,0,0,0,0,0,0,0,3,3,0,0,0,1,0,0,0,0,0,0,0,0,0,0,0,0,0,0
Doxycycline,C[C@H]1c2cccc(O)c2C(=O)C2=C(O)[C@]3(O)C(=O)C(C(N)=O)=C(O)[C@@H](N(C)C)[C@@H]3[C@@H](O)[C@@H]21.O,13.31702838,13.31702838,0,-2.89477903,0.291563932,33.33333333,462.455,436.247,462.1638304,178,0,0.255450868,-0.509648748,0.509648748,0.255450868,1.151515152,1.757575758,2.303030303,16.35438124,9.549550215,2.667953909,-2.530720371,2.54821693,-2.681053076,6.245085447,-0.16178894,2.699637654,3.06E-06,1138.67572,23.85892465,18.10417887,18.10417887,14.86670828,10.01570081,10.01570081,8.792051569,8.792051569,6.995803337,6.995803337,5.582348035,5.582348035,-3.25,8427682.936,24.39356129,7.663142239,2.864217593,187.9099903,36.74249629,22.84094611,11.38429576,5.783244946,5.907179729,0,19.28352128,0,0,0,19.05647134,31.64306857,11.49101058,23.62716475,45.39244036,17.47366962,0,4.899909731,17.56947957,30.58850127,14.09534397,51.99054299,0,5.749511833,5.733667477,0,5.749511833,0,85.22461016,9.589074368,11.83581209,28.76308341,40.86364001,0,0,0,213.12,75.63878459,39.91624853,0,16.78915516,5.563451492,0,25.06162076,19.05647134,0,0,5.733667477,0,0,39.81791595,55.03371799,1.362812716,-8.859922348,3.166469518,-1.589559713,1.676689867,2.975209358,0.409090909,33,9,11,3,0,3,1,0,1,9,6,11,2,0,0,0,4,-1.1723,113.3887,0,4,3,0,0,0,0,1,0,0,3,3,0,0,0,1,0,1,0,1,0,0,0,0,0,0,0,1,0,0,0,0,0,0,1,0,3,0,0,0,0,0,0,0,0,0,0,0,0,0,0,2,2,0,0,0,0,0,0,0,0,0,0,0,0,1,1,0,0,0,0,1,0,0,0,0,0,0,0,0,0,0,0,0,0
Amphotericin B,C[C@@H]1[C@H](O)[C@@H](C)/C=C/C=C/C=C/C=C/C=C/C=C/C=C/[C@H](O[C@@H]2O[C@H](C)[C@@H](O)[C@H](N)[C@@H]2O)C[C@@H]2O[C@](O)(C[C@@H](O)C[C@@H](O)[C@H](O)CC[C@@H](O)C[C@@H](O)CC(=O)O[C@H]1C)C[C@H](O)[C@H]2C(=O)O,12.61321938,12.61321938,0.107125094,-2.325405557,0.173524051,45.49230769,924.091,850.507,923.4878499,368,0,0.311304345,-0.480882984,0.480882984,0.311304345,0.661538462,1.230769231,1.815384615,16.70563965,9.824189712,2.506771693,-2.449456741,2.379618022,-2.61415603,5.714544582,-0.308157673,3.214648676,1.859385458,1665.867991,48.43178169,37.57825243,37.57825243,30.61549551,22.31784799,22.31784799,17.56762344,17.56762344,12.02211343,12.02211343,7.969375842,7.969375842,-3.44,2.64769E+13,55.88594089,27.39176574,18.63756794,380.5355607,80.85292064,18.12583882,12.07713788,0,0,11.93861058,9.589074368,0,0,0,98.9117559,33.10993927,37.51909858,79.60629272,84.70832753,11.93861058,0,0,23.48738562,176.5320635,0,85.0642815,0,0,5.733667477,0,0,0,165.5809537,28.53652618,17.75371814,79.06152178,85.0642815,0,0,0,319.61,146.9282509,65.76087571,0,31.60119254,0,0,12.99975731,80.68369557,19.07577741,0,24.68111929,23.14268171,0,25.07792721,118.1209222,6.016850212,-6.828012827,-1.148161566,3.458918148,6.742208246,0,0.659574468,65,13,18,0,3,3,0,0,0,17,12,18,3,0,2,2,3,0.7117,236.9912,1,10,9,0,0,0,0,0,1,1,2,1,0,0,0,0,0,1,0,0,0,0,0,0,0,0,12,0,0,0,0,0,0,0,0,0,2,0,0,0,1,4,0,0,0,0,0,0,0,0,0,0,0,0,1,0,0,0,0,0,0,0,0,0,0,0,0,0,0,0,0,0,0,0,0,0,0,0,0,0,0,0,0,0,0
Cefepime,CO/N=C(\C(=O)N[C@@H]1C(=O)N2C(C(=O)[O-])=C(C[N+]3(C)CCCC3)CS[C@H]12)c1csc(N)n1,12.89283297,12.89283297,0.061522346,-1.366845971,0.212040946,24.75,480.572,456.38,480.1249599,172,0,0.275863469,-0.543191095,0.543191095,0.275863469,1.4375,2.15625,2.75,32.16668081,10.01557047,2.533936901,-2.507812421,2.406059936,-2.714626073,7.998385404,-0.892545382,3.37256128,1.517605262,1015.601658,23.04324112,17.69863418,19.33162734,15.2370012,10.08879328,12.01720088,8.225947454,10.22062093,5.907879114,7.921403446,4.41280871,6.295799994,-2.64,15128126.13,22.5502561,8.713409213,4.068204696,192.4075997,30.2721401,30.76419558,10.84324348,0,11.81435946,0,14.4889841,4.983978521,0,23.09867083,5.155712727,0,29.54766415,31.8035294,28.81075839,51.72557906,0,15.20067686,5.155712727,24.25735689,45.27825983,22.34413461,0,0,16.15698348,5.13155848,0,23.09867083,88.82257485,19.22120014,0,18.53557124,21.80591934,0,0,0,150.04,29.19937839,19.49013895,0,22.23421079,17.87071454,41.75097279,23.77159222,5.38006277,0,22.50415183,10.57125606,0.757092298,2.570578125,47.67048164,19.60300623,6.386774392,-2.060250491,-0.890744573,2.208234982,2.528098147,3.393395916,0.526315789,32,3,11,0,3,3,0,1,1,10,2,13,7,0,2,2,4,-1.2799,117.1475,1,0,0,1,0,1,0,0,1,1,3,3,0,0,0,4,1,1,0,1,1,0,0,0,0,0,0,2,0,1,0,0,0,0,0,0,1,0,0,0,0,0,0,0,0,0,0,0,0,0,0,0,0,1,0,0,0,0,0,0,0,0,0,1,0,0,0,0,0,0,0,0,0,0,1,1,0,0,0,0,1,0,0,0,0
Biapenem,C[C@@H](O)[C@H]1C(=O)N2C(C(=O)[O-])=C(SC3Cn4cnc[n+]4C3)[C@H](C)[C@H]12,12.27996183,12.27996183,0.014716553,-1.322989628,0.502927889,32.625,350.4,332.256,350.1048761,128,0,0.306384922,-0.543163149,0.543163149,0.306384922,1.583333333,2.333333333,2.958333333,32.16668611,9.790030883,2.585357626,-2.467205336,2.508221776,-2.637332977,8.032713446,-0.757907386,3.11968977,1.605053797,737.9101268,17.17084392,13.32472659,14.14122317,11.39675461,7.929608696,8.809261507,6.618159937,7.960355269,5.106776719,6.557320532,4.018708449,5.479749696,-1.87,330843.1002,15.64571557,5.316780454,2.037470396,142.2998624,19.9075017,6.544756406,0,12.2344998,0,6.327320075,4.794537184,0,9.36360587,11.76188495,6.9237372,11.90771572,10.82304256,41.5247523,24.48393209,23.63836997,0,14.56569119,11.83581209,44.33273246,0,23.25681598,0,0,9.78833033,0,0,11.76188495,48.94444885,22.67858718,11.83581209,13.8474744,23.25681598,0,0,0,102.37,17.99117772,19.80212916,0,28.81390395,4.905136514,13.08951281,16.66179468,19.57837735,16.28734307,4.983978521,0,3.962663034,1.497675737,29.98427864,21.67549464,-0.014716553,-2.309498352,-0.289314794,2.696436986,4.963647329,0,0.6,24,1,8,0,3,3,0,1,1,7,1,9,4,0,1,1,4,-1.895,80.8028,1,1,1,0,0,3,0,0,1,1,2,2,0,0,0,4,0,0,0,0,0,0,0,0,0,0,0,1,0,0,0,0,0,0,0,0,2,0,0,0,0,0,0,0,0,0,0,0,0,0,0,0,0,1,0,0,0,0,0,0,0,0,0,0,0,0,0,0,0,0,0,0,0,0,0,1,0,0,0,0,0,0,0,0,0
Aztreonam,C[C@H]1[C@H](NC(=O)/C(=N\OC(C)(C)C(=O)O)c2csc(N)n2)C(=O)N1S(=O)(=O)O,12.56214191,12.56214191,0.034953586,-4.756268639,0.174788225,20.5,435.44,418.304,435.0518545,154,0,0.362075147,-0.478227032,0.478227032,0.362075147,1.464285714,2.071428571,2.5,32.24529764,10.00401162,2.513331129,-2.416338874,2.230948535,-2.707807209,7.836563837,-0.160844617,2.97184731,2.259276298,953.8851353,21.43879311,14.81145538,16.44444854,12.75274331,7.578995897,9.855612118,6.221230582,8.399971119,3.730567932,5.414072403,2.112845558,3.543513742,-2.78,690205.594,21.51929232,7.325918986,4.204134384,162.5903107,20.99457206,11.73576882,10.84324348,5.601050811,11.81435946,16.27347016,14.14182424,14.0837317,8.417796984,11.33678588,5.155712727,20.7712116,5.38006277,6.041840829,37.29827439,50.26785898,0,14.60598312,5.155712727,38.45594407,5.733667477,11.07399077,0,0,11.05045608,5.13155848,0,11.33678588,68.54635098,29.52536501,0,26.46513959,10.5357755,0,0,0,201.58,51.48424709,22.80140854,0,15.13070247,0,11.33678588,26.15127437,0,0,15.45647985,20.23053333,31.44978821,0.979690542,44.39737832,16.33475116,3.256457089,-3.375611657,-2.312338973,0,3.692820625,-4.756268639,0.461538462,28,5,13,0,1,1,0,1,1,10,4,15,7,0,1,1,2,-1.1725,95.6505,1,0,0,1,0,1,0,0,1,1,3,2,0,0,0,3,1,1,0,0,0,0,0,0,0,0,0,2,0,1,0,0,0,0,0,0,0,0,0,0,0,0,0,0,0,0,0,0,0,0,0,0,0,1,0,0,0,0,0,0,0,0,0,1,0,0,0,0,0,0,0,0,0,0,0,0,0,0,0,0,1,0,0,0,0
Levofloxacin,C[C@H]1COc2c(N3CCN(C)CC3)c(F)cc3c(=O)c(C(=O)O)cn1c23,14.98365316,14.98365316,0.043358791,-1.315329409,0.874739826,20.26923077,361.373,341.213,361.1437843,138,0,0.340723138,-0.486916991,0.486916991,0.340723138,1.307692308,2,2.653846154,19.14222038,10.05254782,2.303971359,-2.365850277,2.415025944,-2.448220384,5.968800079,0.069401028,2.600812137,2.004088915,963.2881483,18.58505748,14.65914844,14.65914844,12.37991785,8.590996603,8.590996603,6.966959135,6.966959135,5.191841671,5.191841671,3.688770166,3.688770166,-2.61,825393.7398,16.83680293,5.979774542,2.438457423,148.7315298,24.21030946,17.85771973,11.56673267,5.428790392,0,5.969305288,4.794537184,9.184952232,0,0,0,20.03777625,32.3758692,16.94476576,19.02834258,22.55961649,0,9.467009379,0,12.96557803,44.7334893,33.86721055,0,5.749511833,15.06556308,10.07780132,5.749511833,0,60.37642163,0,5.817220841,23.3235667,17.05774782,0,10.90292493,0,75.01,17.21531652,19.08601681,0,23.5983985,30.04311164,19.15587988,6.196843572,4.567099648,18.87131891,4.899909731,4.736862954,22.55668344,0,28.08537166,9.36341054,-0.223816801,-1.542656507,0.994074442,1.342611961,5.07571034,2.015277596,0.444444444,26,1,7,0,2,2,1,1,2,6,1,8,2,0,1,1,4,1.544,95.0413,0,0,0,0,1,1,0,0,1,1,1,0,0,0,0,3,0,0,0,1,0,0,0,0,0,0,0,0,0,1,0,0,0,0,1,0,0,0,0,0,0,1,0,0,1,0,0,0,0,0,0,0,0,0,0,0,0,0,0,0,0,0,0,0,0,0,0,0,0,0,1,0,0,1,0,0,0,0,0,0,0,0,0,0,0
Fusidic acid,CC(=O)O[C@H]1C[C@@]2(C)[C@@H](C[C@@H](O)[C@H]3[C@@]4(C)CC[C@@H](O)[C@@H](C)[C@@H]4CC[C@@]32C)/C1=C(\CCC=C(C)C)C(=O)O,12.61700114,12.61700114,0.04743559,-0.952696851,0.247221694,46.24324324,516.719,468.335,516.3450893,208,0,0.331171409,-0.477873009,0.477873009,0.331171409,1.027027027,1.702702703,2.297297297,16.54309349,9.362198283,2.703959603,-2.685230059,2.740444892,-2.652195773,5.879495478,-0.233705913,3.050269441,1.820499635,993.6572721,27.49927104,23.84204206,23.84204206,17.16908108,14.29985879,14.29985879,13.64576304,13.64576304,11.56824881,11.56824881,9.789008065,9.789008065,-1.66,81703040.92,28.35064277,9.821953776,4.400683648,222.1042745,20.05644514,6.103966388,0,0,0,11.93861058,4.794537184,4.794537184,0,0,39.34407344,110.7037475,12.49684173,12.20793278,29.64551951,11.93861058,0,0,39.91659559,118.1446325,0,22.7953337,0,0,0,0,0,0,45.57009192,14.32593732,39.91659559,99.83273338,22.7953337,0,0,0,104.06,24.14654335,24.90865655,0,40.10265593,37.17429707,36.82949555,6.9237372,0,19.92349451,27.6949488,4.736862954,5.872140425,0,24.82587144,32.87737238,1.569063481,-0.909461639,0,6.224408962,14.45727162,0,0.806451613,37,3,6,4,0,4,0,0,0,5,3,6,5,4,0,4,4,5.6661,142.5514,1,2,2,0,0,0,0,0,1,1,2,1,0,0,0,0,0,0,0,0,0,0,0,0,0,0,2,0,0,0,0,0,0,0,0,0,5,0,0,0,1,1,0,0,0,0,0,0,0,0,0,0,0,0,0,0,0,0,0,0,0,0,0,0,0,0,0,0,0,0,0,0,0,0,0,0,0,0,0,0,0,0,0,0,0
Azithromycin,CC[C@H]1OC(=O)[C@H](C)[C@@H](O[C@H]2C[C@@](C)(OC)[C@@H](O)[C@H](C)O2)[C@H](C)[C@@H](O[C@@H]2O[C@H](C)C[C@H](N(C)C)[C@H]2O)[C@](C)(O)C[C@@H](C)CN(C)[C@H](C)[C@@H](O)[C@]1(C)O,14.19764617,14.19764617,0.133071708,-1.79881469,0.238475441,49.61538462,748.996,676.42,748.5085257,306,0,0.311188426,-0.458935816,0.458935816,0.311188426,0.942307692,1.557692308,2.115384615,16.7136456,9.773533953,2.523248967,-2.484652433,2.398282273,-2.602395919,5.727510635,-0.317579747,3.054242615,2.174897674,1143.299608,39.67047944,34.18402115,34.18402115,23.90868204,19.14253159,19.14253159,17.16511252,17.16511252,12.20758598,12.20758598,8.736622446,8.736622446,-1.01,41580665866,45.3798908,17.84745283,10.04336289,311.5582454,63.75363416,30.01691636,12.58005346,0,0,5.969305288,4.794537184,0,0,0,20.7712116,94.78954726,38.07696327,41.53587322,58.74835188,5.969305288,0,9.799819462,17.75371814,185.2192771,34.7975699,0,0,0,0,0,0,0,166.3979503,33.21571491,17.75371814,94.92065849,0,0,0,0,180.08,95.95792882,30.32717416,0,37.32617813,12.96557803,0,14.03353474,41.5424232,51.71404701,0,28.42117772,37.52784164,0,18.044394,58.13685659,-4.374301807,-2.584215013,-0.807754046,-8.189621262,18.0446481,7.118818455,0.973684211,52,5,14,0,3,3,0,0,0,14,5,14,7,0,3,3,3,1.9007,194.179,0,5,3,0,0,0,0,0,0,0,1,1,0,0,0,2,0,0,0,2,0,0,0,0,0,0,0,0,0,0,0,0,0,0,0,0,0,0,0,0,1,6,0,0,0,0,0,0,0,0,0,0,0,0,1,1,0,0,0,0,0,0,0,0,0,0,0,0,0,0,0,0,0,0,0,0,0,0,0,0,0,0,0,0,0
Oxacillin,Cc1onc(-c2ccccc2)c1C(=O)N[C@@H]1C(=O)N2[C@@H]1SC(C)(C)[C@@H]2C(=O)O,12.92740662,12.92740662,0.272677522,-1.042250547,0.752450923,25.17857143,401.444,382.292,401.1045417,146,0,0.327399385,-0.479672802,0.479672802,0.327399385,1.285714286,1.964285714,2.607142857,32.16690652,9.954554314,2.638054527,-2.430821229,2.503890645,-2.702124012,8.013154056,-0.159394728,3.152643183,1.577295151,971.2036477,20.21481399,15.50168439,16.31818097,13.22005124,8.774832819,9.654485631,7.377671137,9.148556276,5.098542093,6.670072688,3.791430451,5.416827041,-2.81,2035775.199,18.54854092,6.370194356,2.686911679,164.8031956,19.84632067,34.47518138,0,5.907179729,5.907179729,5.969305288,9.589074368,4.794537184,0,11.76188495,35.4884986,20.7712116,10.31047394,0,24.01323388,29.5455497,0,15.37336159,0,42.97578852,0,41.65553425,0,11.25737949,5.316788604,0,0,11.76188495,55.15134205,9.589074368,6.9237372,29.96571049,34.85493028,0,11.25737949,0,112.74,34.08106194,19.49013895,0,11.47063122,11.45417541,5.563451492,16.66179468,20.7712116,30.33183534,10.47345186,4.523094937,4.565510624,1.380372584,38.45664925,15.81359075,1.407329725,-1.547087185,7.45705251,0,5.216581743,0,0.368421053,28,2,8,0,2,2,1,1,2,6,2,9,4,0,2,2,4,1.89532,101.658,1,0,0,0,0,1,0,0,1,1,3,2,0,0,0,2,1,0,0,0,0,0,0,0,0,0,0,2,0,0,1,0,0,0,1,0,1,0,0,0,0,0,0,0,0,0,0,0,0,0,0,0,0,1,0,0,0,0,0,0,0,0,0,0,0,0,0,0,0,0,0,0,0,0,0,1,0,0,0,0,0,0,0,0,0
Cefuroxime,CO/N=C(\C(=O)N[C@@H]1C(=O)N2C(C(=O)O)=C(COC(N)=O)CS[C@H]12)c1ccco1,12.57037698,12.57037698,0.140077178,-1.353039805,0.295008049,21.20689655,424.391,408.263,424.0688845,154,0,0.404316905,-0.476559451,0.476559451,0.404316905,1.482758621,2.24137931,2.827586207,32.1666372,10.02292472,2.541486641,-2.488726483,2.399348919,-2.707076424,7.998379896,-0.149823782,3.21176958,1.76564511,910.0305401,21.12902755,14.98594229,15.80243887,13.84544301,8.128755538,9.177510328,5.825732999,6.930725504,4.077288788,5.416922493,2.865114289,4.192387989,-3.48,2993394.943,20.25931433,8.261449021,3.892717898,167.1932426,30.14858595,30.82943246,5.760247419,5.711685003,11.81435946,12.06254536,14.4889841,9.589074368,0,11.76188495,5.155712727,12.13273414,11.32595814,6.263162996,38.27627861,41.35047477,0,10.21669833,10.8893802,11.41571364,19.46953311,35.42628839,0,0,11.05045608,4.794537184,0,11.76188495,70.4802737,23.95806309,0,5.760247419,39.23890464,0,0,0,173.76,35.29261846,24.28467613,0,35.10181184,0,4.899909731,31.20121255,6.066367068,0,20.04695287,10.15081841,9.788182953,1.212775337,53.26880303,14.9926823,4.677174765,-2.382150517,2.079614208,0.289814579,-0.346596445,1.253033132,0.3125,29,4,12,0,2,2,0,1,1,9,3,13,7,0,1,1,3,-0.536,97.4739,1,0,0,0,0,0,0,0,1,1,4,3,0,0,0,2,1,1,0,0,0,0,0,0,0,0,0,3,0,0,0,0,0,0,0,0,1,0,0,0,0,1,1,0,0,0,0,0,0,0,0,0,0,1,0,0,0,0,0,0,0,0,0,1,0,0,0,0,0,0,0,1,0,0,0,1,0,0,0,0,0,0,0,0,0
Fosfomycin,C[C@@H]1O[C@@H]1P(=O)(O)O,10.17337963,10.17337963,0.253858025,-3.904899691,0.392038739,37.375,138.059,131.003,138.0081953,48,0,0.356246891,-0.356452085,0.356452085,0.356246891,1.625,2,2,31.19109559,10.57634035,2.479606792,-1.932929134,2.519388064,-1.888612692,7.522948857,0.332588979,2.133053833,2.517285419,138.2188491,6.36180732,4.312837906,5.207265097,3.515855318,2.222861199,3.90440735,1.820855736,3.507999441,1.010541061,2.215126601,0.527309906,1.424794878,0.11,74.65688415,6.233304562,1.54435322,1.087914397,46.62825725,14.52368616,0,5.845054792,0,0,7.595762327,4.565048285,0,0,0,0,6.9237372,0,6.103966388,19.08873444,7.595762327,0,0,0,18.87275838,0,0,0,0,0,0,0,7.595762327,21.73584439,9.301911239,0,6.9237372,0,0,0,0,70.06,13.44081712,4.565048285,0,6.103966388,0,0,0,6.9237372,0,4.736862954,9.786823206,14.69151235,0,16.62787037,0,0,-0.81712963,0,-0.253858025,1.628726852,-3.904899691,1,8,2,4,0,1,1,0,0,0,2,2,5,1,0,1,1,1,-0.0911,26.3791,0,0,0,0,0,0,0,0,0,0,0,0,0,0,0,0,0,0,0,0,0,0,0,0,0,0,0,0,0,0,0,0,0,0,0,0,0,0,0,1,0,1,0,0,0,0,0,0,0,0,0,0,0,0,0,0,0,0,0,0,0,0,0,0,0,0,0,0,0,0,0,0,0,0,0,0,0,0,0,0,0,0,0,0,0
Meropenem,C[C@@H](O)[C@H]1C(=O)N2C(C(=O)O)=C(S[C@@H]3CN[C@H](C(=O)N(C)C)C3)[C@H](C)[C@H]12,12.34083946,12.34083946,0.007569076,-1.11933621,0.558825196,34.57692308,383.47,358.27,383.1514919,144,0,0.352962451,-0.476539137,0.476539137,0.352962451,1.384615385,2.038461538,2.576923077,32.16668618,9.790028589,2.598097811,-2.459017452,2.513201937,-2.631271003,8.033282493,-0.1626547,3.093001551,1.780441075,677.309498,19.33398062,15.30016272,16.1166593,12.14564217,8.745150342,9.624803153,7.440965421,8.783160753,5.434122164,6.945640337,4.151087228,5.629801743,-1.58,527310.3694,19.18906502,6.861797828,2.913461251,156.1369017,25.32966286,5.697039313,0,11.81435946,0,5.969305288,9.589074368,4.794537184,0,11.76188495,6.9237372,13.34455882,36.71308096,24.10555409,24.59666634,29.5455497,0,15.11660807,11.83581209,43.7058821,20.64010037,10.60217583,0,0,5.316788604,0,0,11.76188495,81.87422545,14.38361155,11.83581209,20.26829602,10.60217583,0,0,0,110.18,17.99117772,24.59666634,0,40.76292451,17.87071454,0,16.66179468,25.9189909,6.9237372,5.316788604,0,0,1.445548942,39.79453641,22.78349413,0.038690844,-2.13558232,-0.56793887,-0.19045316,4.078991593,3.4193791,0.705882353,26,3,8,0,3,3,0,0,0,6,3,9,5,0,2,2,3,-0.308,96.1113,1,1,1,0,0,0,0,0,1,1,3,2,0,0,0,2,1,0,0,1,0,0,0,0,0,0,0,2,0,0,0,0,0,0,0,0,1,0,0,0,0,0,0,0,0,0,0,0,0,0,0,0,0,1,0,0,0,0,0,0,0,0,0,0,0,0,0,0,0,0,0,0,0,0,0,1,0,0,0,0,0,0,0,0,0
Fluconazole,OC(Cn1cncn1)(Cn1cncn1)c1ccc(F)cc1F,14.11247496,14.11247496,0.055648148,-1.69525463,0.751515975,11.77272727,306.276,294.18,306.1040654,114,0,0.137254856,-0.381137984,0.381137984,0.137254856,1,1.590909091,2.045454545,19.14546234,9.926492939,2.340672136,-2.282055286,2.276589608,-2.37277762,5.246659912,-0.00855349,3.116209505,2.006201264,707.7483074,15.5791395,11.34208956,11.34208956,10.56629869,6.394758574,6.394758574,4.841874456,4.841874456,3.21277992,3.21277992,2.251965417,2.251965417,-2.68,150450.5949,14.26539035,5.602446757,2.837573696,123.4194853,5.106527395,42.54477279,0,0,0,0,0,28.11239301,10.19736362,0,6.066367068,6.066367068,11.62981856,13.08951281,13.88735749,0,0,29.52892653,0,18.69056362,0,60.70627468,0,0,0,8.780830095,0,0,34.63545392,18.69056362,11.63444168,5.563451492,43.5083815,0,0,0,81.65,17.23549249,13.88735749,0,18.6529643,0,12.13273414,40.73925324,0,0,20.16532066,0,29.94771369,0,7.571630553,18.77224238,-1.750902778,-1.562183065,3.021393613,5.398096918,-0.147991308,0,0.230769231,22,1,7,0,0,0,1,2,3,7,1,9,5,0,0,0,3,0.7358,70.2988,0,1,0,0,0,6,0,0,0,0,0,0,0,0,0,6,0,0,0,0,0,0,0,0,0,0,0,0,0,0,0,0,0,0,1,0,0,0,0,0,0,0,0,0,2,0,0,0,0,0,0,0,0,0,0,0,0,0,0,0,0,0,0,0,0,0,0,0,0,0,0,0,0,0,0,0,0,0,0,0,0,0,0,0,0
Ketoconazole,CC(=O)N1CCN(c2ccc(OCC3COC(Cn4ccnc4)(c4ccc(Cl)cc4Cl)O3)cc2)CC1,11.5533428,11.5533428,0.128599994,-1.081078001,0.455414497,22.13888889,531.44,503.216,530.1487607,190,0,0.219066641,-0.490790806,0.490790806,0.219066641,1.138888889,1.916666667,2.583333333,35.49683712,10.05479383,2.449589788,-2.352397635,2.40272684,-2.47610578,6.34668446,-0.188750668,3.536629511,1.217537201,1183.164677,25.1227451,19.97837692,21.49023481,17.4154539,11.88144595,12.6373749,8.960978204,9.804614112,6.513596421,7.061402532,4.597175259,5.149636173,-2.78,217868883.4,24.89418787,10.68248538,5.466468509,219.81543,28.57750797,18.46036019,0,11.69429088,0,0,4.794537184,4.983978521,0,0,29.26824685,36.39820241,61.76992105,24.50159176,19.00512605,34.79644578,0,14.4509879,0,25.35957115,44.29269928,76.79429482,0,5.749511833,9.636772685,5.687386275,5.749511833,23.20187978,65.85492357,26.60013065,0,12.48718869,61.1855767,10.04526663,0,0,69.06,5.787111153,4.794537184,0,12.01114612,35.36723845,37.61592373,0,31.58063498,45.99568829,9.883888252,37.41246864,20.60490013,12.65594009,19.8303426,1.02083196,1.821037808,-0.201221659,13.29190627,4.978700329,5.803118038,0,0.384615385,36,0,8,0,2,2,2,1,3,7,0,10,7,0,2,2,5,4.2058,137.596,0,0,0,0,0,2,0,0,0,0,1,1,0,0,0,4,0,0,0,0,0,0,0,0,0,0,0,1,0,1,0,0,0,0,2,0,0,0,0,0,0,3,0,0,2,0,0,1,0,0,0,0,0,0,0,0,0,0,0,0,0,0,0,0,0,0,0,0,0,0,1,0,0,0,0,0,0,0,0,0,0,0,0,0,0
Tobramycin,NC[C@H]1O[C@H](O[C@H]2[C@H](O)[C@@H](O[C@H]3O[C@H](CO)[C@@H](O)[C@H](N)[C@H]3O)[C@H](N)C[C@@H]2N)[C@H](N)C[C@@H]1O,10.97178556,10.97178556,0.054234517,-1.440677402,0.174006568,52.6875,467.52,430.224,467.2591278,188,0,0.18564759,-0.393567282,0.393567282,0.18564759,0.71875,1.28125,1.84375,16.71891655,9.838839078,2.49714514,-2.474245205,2.302865892,-2.67803874,5.006772201,-0.31447022,2.747241931,1.699170647,607.1880035,23.73975802,17.66714338,17.66714338,15.08182512,10.75904611,10.75904611,8.784966985,8.784966985,6.414988289,6.414988289,4.428017313,4.428017313,-0.56,8788058.807,26.05189362,10.79352583,5.235544636,185.0505767,73.14842618,36.62379833,12.58005346,0,0,0,0,0,0,0,0,12.84164325,18.62843806,30.8984964,44.48008879,0,0,0,28.66833739,98.42079112,13.15163837,0,0,0,28.66833739,0,0,0,124.2634232,18.94745182,0,12.84164325,0,0,0,0,268.17,92.18602984,25.53263697,0,19.38639965,0,0,0,0,0,0,47.6157892,22.71631712,0,0,50.70976491,29.76995332,0,-3.266625685,-10.7638016,-0.498941392,0,1,32,15,14,1,2,3,0,0,0,14,10,14,6,1,2,3,3,-6.2958,108.371,0,5,5,0,0,0,0,0,0,0,0,0,0,0,0,0,0,5,0,0,0,0,0,0,0,0,0,0,0,0,0,0,0,0,0,0,0,0,0,0,0,4,0,0,0,0,0,0,0,0,0,0,0,0,0,0,0,0,0,0,0,0,0,0,0,0,0,0,0,0,0,0,0,0,0,0,0,0,0,0,0,0,0,0,0
Tazobactam,C[C@]1(Cn2ccnn2)[C@H](C(=O)O)N2C(=O)C[C@H]2S1(=O)=O,12.54413643,12.54413643,0.153709845,-3.79525463,0.672167002,34.65,300.296,288.2,300.0528405,108,0,0.327691137,-0.47966933,0.47966933,0.327691137,1.6,2.3,2.8,32.22823945,9.962358496,2.69578459,-2.35146198,2.46187353,-2.575510293,7.934634545,-0.15724911,2.871484781,2.097498684,684.5109353,14.7067423,10.50092407,11.31742065,9.287529253,5.903683624,7.450003102,5.15886644,7.725662506,3.994023829,6.756487122,2.926693406,5.286313004,-1.97,30610.02777,13.03356206,3.778833828,1.390593986,113.6371227,10.00643713,10.12089527,15.87909397,5.907179729,0,5.969305288,9.476340119,13.21233417,0,5.098681808,5.213385096,6.9237372,6.196843572,19.1624216,23.11339875,21.71373815,0,19.89377957,0,36.05205132,0,12.39368714,0,0,0,0,0,0,61.45732506,25.97108391,0,13.34455882,12.39368714,0,0,0,122.46,37.87647425,23.11339875,0,12.96557803,0,4.899909731,23.99922728,0,0,10.3120669,0,24.73431075,0,23.98644038,15.55998732,0,-1.777749433,-1.400046296,2.677450791,1.181527778,-3.79525463,0.6,20,1,9,0,2,2,0,1,1,7,1,10,3,0,2,2,3,-1.5232,64.0216,1,0,0,0,0,3,0,0,1,1,2,1,0,0,0,4,0,0,0,0,0,0,0,0,0,0,0,1,0,0,0,0,0,0,0,0,1,0,0,0,0,0,0,0,0,0,0,0,0,0,0,0,0,1,0,0,0,0,0,0,0,0,0,0,0,0,0,0,0,0,0,0,0,0,0,0,0,1,0,0,0,0,0,0,0
Bacitracin,CC[C@H](C)[C@H](N)C1=N[C@H](C(=O)N[C@@H](CC(C)C)C(=O)N[C@H](CCC(=O)O)C(=O)N[C@H](C(=O)N[C@H]2CCCCNC(=O)[C@H](CC(N)=O)NC(=O)[C@@H](CC(=O)O)NC(=O)[C@H](Cc3cnc[nH]3)NC(=O)[C@@H](Cc3ccccc3)NC(=O)[C@H]([C@@H](C)CC)NC(=O)[C@@H](CCCN)NC2=O)[C@@H](C)CC)CS1,14.89379564,14.89379564,0.001171394,-1.942609094,0.040094463,23.15,1422.72,1318.896,1421.748941,554,0,0.305481062,-0.481229262,0.481229262,0.305481062,0.66,1.26,1.85,32.16658009,9.956572448,2.397455778,-2.30406629,2.246260786,-2.618323869,8.139867358,-0.141529306,1.413801727,1.77117441,3159.896757,74.33683013,58.1516078,58.96810438,47.38690468,34.10171778,35.08731634,25.95709953,26.99738444,17.48254576,18.63829118,10.85673404,12.03780766,-9.05,2.53E+24,83.37032028,42.1444611,27.57899141,585.6437095,90.88271039,66.46024912,0,70.88615675,0,11.93861058,72.11592531,4.983978521,0,11.76188495,104.9841978,80.72558344,43.45084645,30.25452114,77.33657537,99.63036926,0,68.45263169,45.86503135,224.2043119,18.84236642,54.11337848,0,0,75.68567708,0,0,11.76188495,199.3939525,79.96516382,23.67162418,150.1179582,47.84840372,0,0,0,530.87,192.8459559,77.33657537,0,94.88639474,16.30109647,6.420821623,24.2860486,58.02678414,27.6949488,73.44503642,17.20100243,0,1.347378097,206.6637815,49.05631778,18.70205245,-15.40157955,-8.34188106,0.368221308,14.10570952,0,0.636363636,100,20,33,0,2,2,1,1,2,19,17,34,31,0,1,1,4,-1.6776,369.3042,2,0,0,0,0,2,1,0,2,2,14,12,0,0,1,2,12,3,0,0,0,1,0,0,0,0,0,12,0,0,0,0,0,0,1,0,0,0,0,0,0,0,0,0,0,0,0,1,0,0,0,0,0,0,0,0,0,0,0,0,0,0,0,0,0,0,0,0,0,0,0,1,0,0,0,1,0,0,0,0,0,0,0,0,0
Metronidazole,Cc1ncc([N+](=O)[O-])n1CCO,10.37300076,10.37300076,0.081898148,-0.518194444,0.515868008,10.16666667,171.156,162.084,171.0643911,66,0,0.342429703,-0.392286935,0.392286935,0.342429703,1.833333333,2.5,3,16.63026251,10.56292859,2.152011127,-1.981668148,2.11819333,-2.070075067,5.179812928,-0.391840779,2.338320592,3.032858934,294.228459,9.137828202,6.596914794,6.596914794,5.66390246,3.438905119,3.438905119,2.29596592,2.29596592,1.544695413,1.544695413,0.978368293,0.978368293,-1.43,563.5352627,8.664607379,3.310964148,1.424127174,68.61221883,15.22084566,12.74159998,5.824404498,0,0,5.817862778,0,9.551078169,0,0,0,4.923311049,6.9237372,6.606881965,10.02983844,5.817862778,0,9.551078169,0,13.46849361,6.606881965,22.13556634,0,0,0,5.817862778,0,0,26.18779858,6.544756406,17.03805547,5.824404498,6.196843572,0,0,0,81.19,4.923311049,10.11431827,0,18.96950115,5.824404498,0,10.76394322,6.9237372,0,4.983978521,5.106527395,1.361111111,0,13.62142668,18.97051776,0,0.455833333,0,1.185509259,1.738935185,0,0.5,12,1,6,0,0,0,0,1,1,5,1,6,3,0,0,0,1,0.09202,40.7042,0,1,1,0,0,2,0,0,0,0,0,0,0,0,0,3,0,0,0,0,0,0,0,0,0,0,0,0,0,0,1,0,0,0,0,0,0,0,0,0,0,0,0,0,0,0,0,1,0,0,0,0,0,0,0,0,0,0,1,0,0,0,0,0,0,0,0,0,0,0,0,0,0,0,0,0,0,0,0,0,0,0,0,0,0
Oleandomycin,CO[C@H]1C[C@H](O[C@H]2[C@H](C)[C@@H](O[C@@H]3O[C@H](C)C[C@H](N(C)C)[C@H]3O)[C@@H](C)C[C@@]3(CO3)C(=O)[C@H](C)[C@@H](O)[C@@H](C)[C@@H](C)OC(=O)[C@@H]2C)O[C@@H](C)[C@@H]1O,13.88118394,13.88118394,0.198240715,-1.095135265,0.274195207,49.85416667,687.868,626.38,687.4193764,278,0,0.311082224,-0.462001005,0.462001005,0.311082224,0.791666667,1.4375,2.020833333,16.71113664,9.761486255,2.569158597,-2.456404359,2.430643859,-2.568520579,5.915863134,-0.298572511,3.821150091,1.746147972,1087.79029,35.82517998,30.6064707,30.6064707,22.41533544,17.65883268,17.65883268,15.30175516,15.30175516,11.39462573,11.39462573,7.894451568,7.894451568,-1.26,21821784870,39.5247805,15.96017019,8.434311647,285.384354,53.37753259,18.31189916,23.96434922,0,0,5.969305288,9.589074368,0,0,0,27.6949488,60.54984206,37.32617813,49.14858634,58.06669723,11.75255023,0,4.899909731,29.58953023,153.8110051,27.81202347,0,0,0,0,0,0,0,138.9427082,42.74711504,29.58953023,74.65236247,0,0,0,0,165.98,96.65376484,24.90865655,0,43.29548342,6.420821623,0,7.109797541,34.618686,39.7664653,0,33.15804068,43.00341996,0,29.67663357,33.300627,-1.095135265,-3.738470756,-0.218657381,-7.150026101,14.64806739,5.323541587,0.942857143,48,3,13,0,4,4,0,0,0,13,3,13,6,0,4,4,4,1.9085,173.6234,0,3,3,0,0,0,0,0,0,0,2,2,0,0,0,1,0,0,0,1,0,0,0,0,0,0,0,0,0,0,0,0,0,0,0,0,0,0,0,1,1,7,0,0,0,0,0,0,0,0,0,1,1,0,1,1,0,0,0,0,0,0,0,0,0,0,0,0,0,0,0,0,0,0,0,0,0,0,0,0,0,0,0,0,0
Cephazolin,Cc1nnc(SCC2=C(C(=O)O)N3C(=O)[C@@H](NC(=O)Cn4cnnn4)[C@H]3SC2)s1,12.59807743,12.59807743,0.015312526,-1.160962284,0.405190454,21,454.519,440.407,454.0300139,152,0,0.352158498,-0.476560678,0.476560678,0.352158498,1.413793103,2.24137931,2.896551724,32.19471231,10.03057668,2.536350125,-2.490297174,2.412818858,-2.703841703,8.014503377,-0.150372879,3.345806278,1.437412095,990.9137443,20.54324112,14.88056966,17.3300594,13.93556075,8.267999599,11.11884953,6.095372751,9.604477186,4.140728478,7.538646067,2.898885851,6.199438783,-2.52,4550942.279,19.78162067,8.076871617,3.970577608,175.6678606,10.423316,34.99245313,4.339655681,5.907179729,5.907179729,5.969305288,14.4889841,9.476340119,0,27.05793037,23.09867083,22.92361192,11.50570721,0,19.49013895,52.64422052,0,40.62131689,0,29.22386293,11.50570721,22.60508761,0,0,5.316788604,0,0,34.86055578,81.11614128,20.92836796,6.9237372,5.007623697,21.9371196,0,0,0,156.09,29.19937839,19.49013895,0,12.24179572,17.07881174,9.347279378,50.76958852,0,6.9237372,31.03960422,0,1.978424632,4.242892128,37.81929318,31.12559746,0.626742533,-1.188987321,-0.77930935,1.290194444,1.718485634,0,0.428571429,29,2,12,0,2,2,0,2,2,12,2,15,7,0,1,1,4,-0.63608,102.8715,1,0,0,0,0,6,0,0,1,1,3,2,0,0,0,7,1,0,0,0,0,0,0,0,0,0,0,2,0,0,1,0,0,0,0,0,1,0,0,0,0,0,0,0,0,0,0,0,0,0,0,0,0,1,0,0,0,0,0,0,0,0,0,0,0,0,0,0,0,0,0,0,0,0,0,2,0,0,0,1,0,0,0,0,0
Novobiocin,CO[C@@H]1[C@@H](OC(N)=O)[C@@H](O)[C@H](Oc2ccc3c(O)c(NC(=O)c4ccc(O)c(CC=C(C)C)c4)c(=O)oc3c2C)OC1(C)C,13.01474628,13.01474628,0.018290293,-1.517588429,0.18374629,20.97727273,612.632,576.344,612.23191,236,0,0.404463414,-0.50766318,0.50766318,0.404463414,1.159090909,1.863636364,2.5,16.71907921,9.89156099,2.528107045,-2.469305825,2.383024792,-2.647892502,6.063419385,-0.304293203,2.939599417,1.628744455,1673.310532,32.50734273,25.16558685,25.16558685,20.63797389,13.71600754,13.71600754,11.21766413,11.21766413,7.325660894,7.325660894,5.062779158,5.062779158,-4.59,2331624222,32.32648648,12.56410118,6.490928505,252.3298197,49.73464102,23.1860102,23.64483088,6.290026729,5.907179729,11.71882639,4.794537184,9.589074368,0,0,11.64912464,76.93479446,18.23670052,10.98727503,48.2732593,28.65705043,0,0,5.733667477,71.24248432,12.42658615,69.09143796,0,17.2485355,21.41290535,10.48192346,17.2485355,0,64.63277623,20.63141048,6.9237372,49.17984046,51.1926481,0,10.96924436,0,200.01,59.26588093,29.70319374,0,33.59517101,11.98427311,5.57310453,37.44163288,20.7712116,19.92349451,5.316788604,29.09827023,27.86837695,0,37.48549781,34.58308517,4.537892179,-1.088817458,7.116365674,-3.807816233,8.686779259,1.368636646,0.387096774,44,6,13,0,1,1,2,1,3,11,5,13,8,0,1,1,4,3.62712,158.921,0,1,1,0,0,0,0,2,0,0,2,2,0,0,0,0,1,1,0,0,0,0,0,0,0,0,2,2,0,1,1,0,0,0,2,0,1,0,0,0,0,4,0,0,0,0,0,0,0,0,0,0,0,0,0,1,0,0,0,0,0,0,0,0,0,1,1,0,0,0,0,1,0,0,0,0,0,0,0,0,0,0,0,0,0
Lincomycin,CCC[C@@H]1C[C@@H](C(=O)N[C@@H]([C@H]2O[C@H](SC)[C@H](O)[C@@H](O)[C@H]2O)[C@@H](C)O)N(C)C1,12.84849419,12.84849419,0.223040438,-1.419030076,0.370343508,39.92592593,406.545,372.273,406.2137578,158,0,0.23725857,-0.391173579,0.391173579,0.23725857,1.296296296,1.962962963,2.518518519,32.16652489,9.915449935,2.480919811,-2.436861991,2.300901029,-2.652534734,7.98642715,-0.210631884,2.986507094,2.094099659,494.4723064,20.30060043,16.4853924,17.30188898,12.70481502,9.618715509,10.90661661,7.797319457,8.733339594,5.655838795,6.510416487,4.132293067,4.811549881,-0.42,784871.9833,22.86480665,9.865354994,5.144545091,164.8164129,30.47976114,29.85186392,0,5.907179729,0,0,9.694446915,0,0,11.76188495,13.34455882,38.98672766,6.544756406,18.18764805,29.95750972,17.66906468,0,10.21669833,5.917906046,81.14945124,19.84819757,0,0,0,5.316788604,0,0,11.76188495,99.12090858,9.531400138,5.917906046,33.10993927,0,0,0,0,122.49,41.99767114,25.22064676,0,11.94902056,5.917906046,25.80722127,18.68562215,6.255769184,11.94758171,12.2405258,4.736862954,5.718678661,1.196940375,14.85863045,43.53339499,-0.754962198,0.244655832,-1.196000567,-1.495922719,4.484754416,1.909830759,0.944444444,27,5,8,0,2,2,0,0,0,8,5,9,7,0,2,2,2,-0.857,103.2409,0,4,4,0,0,0,0,0,0,0,1,1,0,0,0,1,1,0,0,1,1,0,0,0,0,0,0,1,0,0,0,0,0,0,0,0,0,0,0,0,0,1,0,0,0,0,0,0,0,0,0,0,0,0,0,0,0,0,0,0,0,0,0,0,0,0,0,0,0,0,0,0,0,0,0,1,0,0,0,0,0,0,0,0,0
Norfloxacin,CCn1cc(C(=O)O)c(=O)c2cc(F)c(N3CCNCC3)cc21,14.49490882,14.49490882,0.10012448,-1.300287416,0.891026298,15.13043478,319.336,301.192,319.1332197,122,0,0.340722851,-0.477497024,0.477497024,0.340722851,1.347826087,2.043478261,2.652173913,19.14221518,10.09212392,2.19467009,-2.297210479,2.252222005,-2.434891098,5.931132393,0.069456534,2.554556529,2.243584852,825.4107594,16.56011345,12.80368655,12.80368655,11.02407581,7.582522343,7.582522343,5.52088345,5.52088345,4.177541915,4.177541915,2.961433451,2.961433451,-2.41,179503.5782,15.48434207,6.000303361,2.676299453,131.68396,19.89032538,11.38067233,0,5.428790392,0,5.969305288,4.794537184,9.184952232,0,0,0,19.05647134,44.30684982,11.20408699,14.29147963,22.55961649,0,9.883888252,0,13.46849361,31.07893535,39.93357762,0,0,15.64548873,10.07780132,0,0,41.82195795,6.544756406,5.817220841,17.28172588,23.12411489,0,10.90292493,0,74.57,17.21531652,13.97948942,0,10.94967571,30.83835621,19.15587988,6.196843572,10.63346672,11.82364693,5.316788604,5.106527395,16.16685634,0,25.4353707,12.45881711,0.01179721,-1.7987209,2.805705782,1.32583727,5.261003156,0,0.375,23,2,6,0,1,1,1,1,2,5,2,7,3,0,1,1,3,1.2683,85.882,0,0,0,0,1,1,0,0,1,1,1,0,0,0,0,2,1,0,0,0,0,0,0,0,0,0,0,0,0,1,1,0,0,0,1,0,1,0,0,0,0,0,0,0,1,0,0,0,0,0,0,0,0,0,0,0,0,0,0,0,0,0,0,0,0,0,0,0,0,0,1,0,0,1,0,0,0,0,0,0,0,0,0,0,0
Cloxacillin,Cc1onc(-c2ccccc2Cl)c1C(=O)N[C@@H]1C(=O)N2[C@@H]1SC(C)(C)[C@@H]2C(=O)O,12.9956228,12.9956228,0.195733077,-1.056471035,0.70926492,24.75862069,435.889,417.745,435.0655694,152,0,0.327399385,-0.479672802,0.479672802,0.327399385,1.344827586,2.034482759,2.689655172,35.49569243,9.954493796,2.638155636,-2.430835356,2.5043495,-2.702126272,8.013156877,-0.159394727,3.148303865,1.597975412,1036.601989,21.08505748,15.8022986,17.37472412,13.63073484,8.880481723,10.13809901,7.491492011,9.669577277,5.180293646,7.081412462,3.835461775,5.686095012,-2.52,2912873.702,19.78162067,6.773308086,2.995491596,175.1064619,19.84632067,34.47518138,0,5.907179729,5.907179729,5.969305288,9.589074368,4.794537184,0,11.76188495,34.95670435,26.83757867,10.31047394,5.022633314,24.01323388,41.14648959,0,15.37336159,0,42.97578852,0,40.6118005,0,11.25737949,5.316788604,0,0,23.36282484,55.15134205,9.589074368,6.9237372,29.96571049,28.78856321,5.022633314,11.25737949,0,112.74,39.98824167,19.49013895,0,11.25737949,16.34633222,0,16.66179468,45.03667987,0,10.47345186,16.12403483,4.541556435,7.590725475,38.56028248,16.16571345,1.026372935,-1.695413468,5.179594711,0,5.158945756,0,0.368421053,29,2,8,0,2,2,1,1,2,6,2,10,4,0,2,2,4,2.54872,106.668,1,0,0,0,0,1,0,0,1,1,3,2,0,0,0,2,1,0,0,0,0,0,0,0,0,0,0,2,0,0,1,0,0,0,1,0,1,0,0,0,0,0,0,0,1,0,0,0,0,0,0,0,0,1,0,0,0,0,0,0,0,0,0,0,0,0,0,0,0,0,0,0,0,0,0,1,0,0,0,0,0,0,0,0,0
Clarithromycin,CC[C@H]1OC(=O)[C@H](C)[C@@H](O[C@H]2C[C@@](C)(OC)[C@@H](O)[C@H](C)O2)[C@H](C)[C@@H](O[C@@H]2O[C@H](C)C[C@H](N(C)C)[C@H]2O)[C@](C)(OC)C[C@@H](C)C(=O)[C@H](C)[C@@H](O)[C@]1(C)O,14.17401577,14.17401577,0.110789075,-1.964602514,0.265829428,49.01923077,747.964,678.412,747.4768913,304,0,0.31118842,-0.458936581,0.458936581,0.31118842,0.846153846,1.442307692,1.980769231,16.71601186,9.7351545,2.537054024,-2.495167531,2.414538761,-2.611836184,5.832986303,-0.318988974,3.08761652,2.221952095,1187.576454,39.67047944,33.89898375,33.89898375,23.98617897,18.8828831,18.8828831,16.63147085,16.63147085,12.2688258,12.2688258,8.584995248,8.584995248,-1.3,47935039873,45.09200084,17.65916637,9.377922322,310.2792453,58.48405999,29.69619492,12.58005346,0,0,5.969305288,9.589074368,0,0,0,27.6949488,74.90023203,44.43597567,47.63983961,63.17322462,11.75255023,0,4.899909731,23.67162418,179.1774363,28.31493905,0,0,0,0,0,0,0,149.6502864,42.74711504,23.67162418,94.92065849,0,0,0,0,182.91,101.7519001,30.01518395,0,37.19151703,6.420821623,0,21.14333228,48.4661604,32.8427281,0,33.15804068,43.86754276,0,30.07055021,45.55494985,-4.244220018,-4.46937909,-0.283151056,-8.729879224,17.05158609,6.765333811,0.947368421,52,4,14,0,3,3,0,0,0,14,4,14,8,0,3,3,3,2.4397,191.0482,0,4,3,0,0,0,0,0,0,0,2,2,0,0,0,1,0,0,0,1,0,0,0,0,0,0,0,0,0,0,0,0,0,0,0,0,0,0,0,0,1,7,0,0,0,0,0,0,0,0,0,1,1,0,1,2,0,0,0,0,0,0,0,0,0,0,0,0,0,0,0,0,0,0,0,0,0,0,0,0,0,0,0,0,0
ceftazidime,CC(C)(O/N=C(\C(=O)N[C@@H]1C(=O)N2C(C(=O)[O-])=C(C[n+]3ccccc3)CS[C@H]12)c1csc(N)n1)C(=O)O,13.11432809,13.11432809,0.026488473,-1.753218546,0.14740151,19.67567568,546.587,524.411,546.099139,194,0,0.349825159,-0.54319073,0.54319073,0.349825159,1.351351351,2.054054054,2.648648649,32.1666812,10.01930101,2.531707338,-2.50033944,2.397776981,-2.713974382,7.998363913,-0.688622951,3.279136562,1.551044932,1323.781459,26.90504844,19.61242029,21.24541345,17.49090819,10.83246207,12.76086967,8.566011457,10.56068493,5.537756986,7.551281319,3.562691225,5.44568251,-3.98,130887863.9,26.09349825,10.17803037,5.266772289,218.156211,30.89563664,17.10964164,29.78168703,5.601050811,11.81435946,5.969305288,14.4889841,14.34561535,0,23.09867083,11.2220798,13.8474744,28.83875504,11.6663446,38.79589176,57.69488434,0,15.20067686,5.155712727,37.40899526,11.48652108,52.93692296,0,0,20.72408312,5.13155848,0,23.09867083,67.22468874,30.56049373,0,19.54140239,52.39870769,0,0,0,191.22,40.76973449,29.39120353,0,28.7789672,11.32595814,16.23669561,30.98942212,29.09352093,6.066367068,15.45647985,10.57125606,1.781343351,2.320045105,59.63486168,28.36505871,3.830931506,-4.006866212,4.364278804,3.550427347,2.743253047,0,0.318181818,37,4,13,0,2,2,0,2,2,11,3,15,9,0,1,1,4,-1.2992,129.5559,2,0,0,1,0,2,0,0,2,2,4,3,0,0,0,4,1,1,0,0,0,0,0,0,0,0,0,2,0,1,0,0,0,0,0,0,1,0,0,0,0,0,0,0,0,0,0,0,0,0,0,0,0,1,0,0,0,0,0,0,0,0,0,1,0,0,0,0,0,0,0,0,0,1,0,1,0,0,0,0,1,0,0,0,0
Nystatin,C[C@@H]1[C@H](O)[C@@H](C)/C=C/C=C/CC/C=C/C=C/C=C/C=C/[C@H](O[C@@H]2O[C@H](C)[C@@H](O)[C@H](N)[C@@H]2O)C[C@@H]2O[C@](O)(C[C@@H](O)[C@H](O)CC[C@@H](O)C[C@@H](O)C[C@@H](O)CC(=O)O[C@H]1C)C[C@H](O)[C@H]2C(=O)O,12.62093314,12.62093314,0.137541267,-2.353446113,0.175292075,45.24615385,926.107,850.507,925.5034999,370,0,0.311304345,-0.480882984,0.480882984,0.311304345,0.692307692,1.276923077,1.938461538,16.7056532,9.823241463,2.509357382,-2.450757904,2.379913201,-2.614328499,5.714527065,-0.309610611,3.214935172,1.83730515,1619.952954,48.43178169,37.83776545,37.83776545,30.61549551,22.63434457,22.63434457,17.84657788,17.84657788,12.24282087,12.24282087,8.112273994,8.112273994,-3.18,2.65161E+13,56.1446311,27.58783981,18.79147808,381.2251637,80.85292064,18.12583882,12.07713788,0,0,11.93861058,9.589074368,0,0,0,86.75971568,52.37240414,31.09827696,79.60629272,84.70832753,11.93861058,0,0,23.48738562,189.3737068,0,72.91224128,0,0,5.733667477,0,0,0,165.5809537,28.53652618,17.75371814,91.90316503,72.91224128,0,0,0,319.61,140.5074293,65.76087571,0,38.02201416,0,12.84164325,12.99975731,38.15155483,49.45587795,0,24.68111929,23.15670509,0,25.09069551,118.2160749,6.020648606,-6.820825424,-1.144619023,2.284844666,6.779808963,0,0.70212766,65,13,18,0,3,3,0,0,0,17,12,18,3,0,2,2,3,0.9357,237.0852,1,10,9,0,0,0,0,0,1,1,2,1,0,0,0,0,0,1,0,0,0,0,0,0,0,0,10,0,0,0,0,0,0,0,0,0,2,0,0,0,1,4,0,0,0,0,0,0,0,0,0,0,0,0,1,0,0,0,0,0,0,0,0,0,0,0,0,0,0,0,0,0,0,0,0,0,0,0,0,0,0,0,0,0,0
Gentamycin,CNC(C)[C@@H]1CC[C@@H](N)[C@@H](O[C@H]2[C@H](O)[C@@H](O[C@H]3OC[C@](C)(O)[C@H](NC)[C@H]3O)[C@H](N)C[C@@H]2N)O1.CN[C@@H]1[C@@H](O)[C@@H](O[C@@H]2[C@@H](O)[C@H](O[C@H]3O[C@H](C(C)N)CC[C@H]3N)[C@@H](N)C[C@H]2N)OC[C@]1(C)O.CN[C@@H]1[C@@H](O)[C@@H](O[C@@H]2[C@@H](O)[C@H](O[C@H]3O[C@H](CN)CC[C@H]3N)[C@@H](N)C[C@H]2N)OC[C@]1(C)O,11.12947795,11.12947795,0.061970558,-1.291217054,0.05709488,51.03125,1390.728,1266.744,1389.901796,564,0,0.185231785,-0.387562324,0.387562324,0.185231785,0.395833333,0.666666667,0.947916667,16.73785432,9.837011352,2.552270081,-2.481586225,2.363968832,-2.683814006,5.05972073,-0.306890434,0.797905866,2.03E-07,2316.270904,71.21335608,57.17440238,57.17440238,45.03462603,33.98734932,33.98734932,28.75483634,28.75483634,20.60219018,20.60219018,14.59690983,14.59690983,-1.44,7.30E+22,81.85352001,35.36044264,19.48443978,562.6789106,187.1385987,90.05074909,37.74016038,0,0,0,0,0,0,0,0,120.5967685,54.87948304,74.38359003,102.801102,0,0,21.26715442,63.07034225,323.0946608,54.55609023,0,0,0,84.33749666,0,0,0,331.203417,56.84235545,0,92.4060806,0,0,0,0,627.17,182.1674769,45.95874655,0,68.3417492,45.06968614,19.26246487,0,41.91422755,20.89514638,21.26715442,119.9126977,70.42808509,0,0,108.3305833,63.84645139,0,-6.837997493,-13.28504912,8.697258766,6.737334779,1,96,35,36,3,6,9,0,0,0,36,24,36,19,3,6,9,9,-10.8924,345.4534,0,9,6,0,0,0,0,0,0,0,0,0,0,0,0,0,4,11,0,4,0,0,0,0,0,0,0,0,0,0,0,0,0,0,0,0,0,0,0,0,0,12,0,0,0,0,0,0,0,0,0,0,0,0,0,0,0,0,0,0,0,0,0,0,0,0,0,0,0,0,0,0,0,0,0,0,0,0,0,0,0,0,0,0,0
Methicillin,COc1cccc(OC)c1C(=O)N[C@@H]1C(=O)N2[C@@H]1SC(C)(C)[C@@H]2C(=O)O,12.75075554,12.75075554,0.195177522,-1.046736685,0.732855266,25.92307692,380.422,360.262,380.1042074,140,0,0.327399385,-0.495776441,0.495776441,0.327399385,1.230769231,1.807692308,2.307692308,32.16690639,9.955873321,2.637864485,-2.431555107,2.504351417,-2.701982989,8.013151422,-0.159395912,2.862291121,1.830878942,758.266647,19.22325016,14.80801855,15.62451513,12.2235812,7.972605895,8.852258707,6.586811786,8.357696925,4.616414468,6.187945062,3.433809672,5.059206261,-2.42,514325.0915,18.37344508,6.385615033,2.663443243,154.3728005,24.79695164,34.52002963,0,5.907179729,5.907179729,5.969305288,9.589074368,4.794537184,0,11.76188495,6.066367068,25.98020854,4.747022453,14.21959508,28.96386485,29.5455497,0,10.21669833,0,36.05205132,14.21959508,23.7625527,0,11.49902367,14.79051451,0,11.49902367,11.76188495,64.21427388,9.589074368,0,24.20546308,18.19910121,0,0,0,105.17,39.98824167,19.49013895,0,5.563451492,11.49902367,0,30.88138976,32.0465756,0,5.316788604,9.473725908,9.791264818,1.370004882,38.11751595,11.72684803,0.195177522,-1.297882256,3.238394266,0,3.563862644,2.878147481,0.470588235,26,2,8,0,2,2,1,0,1,6,2,9,5,0,2,2,3,0.9491,94.528,1,0,0,0,0,0,0,0,1,1,3,2,0,0,0,1,1,0,0,0,0,0,0,0,0,0,0,2,0,0,0,0,0,0,1,0,1,0,0,0,0,2,0,0,0,0,0,0,0,0,0,0,0,1,0,2,0,0,0,0,0,0,0,0,0,0,0,0,0,0,0,0,0,0,0,1,0,0,0,0,0,0,0,0,0
Cefoxitin,CO[C@@]1(NC(=O)Cc2cccs2)C(=O)N2C(C(=O)O)=C(COC(N)=O)CS[C@@H]21,12.83100899,12.83100899,0.076162587,-1.656960782,0.409781329,23.67857143,427.46,410.324,427.0507919,150,0,0.404316905,-0.476559432,0.476559432,0.404316905,1.464285714,2.214285714,2.785714286,32.16668125,9.976482543,2.661925092,-2.553094785,2.461724994,-2.803997929,7.998714597,-0.192134039,3.153789946,1.810301942,854.4291561,20.47432702,14.6684852,16.30147837,13.29656673,8.011797013,9.940204614,5.947633477,8.048407898,4.263239163,6.513238588,3.035280396,5.158769497,-2.57,1725921.009,20.17166184,7.813366166,3.452701736,167.1899156,25.63070938,17.67779409,0,5.907179729,11.63216532,12.06254536,14.4889841,9.589074368,0,23.09867083,6.066367068,11.44642984,23.31290287,6.420821623,33.75840204,46.97557564,0,10.21669833,5.733667477,17.51968003,19.46953311,33.66008794,0,0,11.05045608,4.794537184,0,23.09867083,64.45173346,30.27815908,0,4.877147194,28.78294075,0,0,0,148.26,34.97576322,24.28467613,0,30.05070104,0,9.777056925,30.20846837,6.066367068,11.44642984,10.05365156,10.47053043,10.01819977,2.601179231,49.61306388,13.22576715,3.20301701,-2.311499675,3.607610371,-0.973488366,-0.342077592,1.274894887,0.375,28,4,10,0,2,2,0,1,1,8,3,12,7,0,1,1,3,0.0986,99.1949,1,0,0,0,0,0,0,0,1,1,4,3,0,0,0,1,1,1,0,0,0,0,0,0,0,0,0,3,0,0,0,0,0,0,0,0,1,0,0,0,0,2,0,0,0,0,0,0,0,0,0,0,0,1,0,1,0,0,0,0,0,0,0,0,0,0,0,0,0,0,0,1,0,0,0,1,0,0,0,0,0,0,1,0,0
Gatifloxacin,COc1c(N2CCNC(C)C2)c(F)cc2c(=O)c(C(=O)O)cn(C3CC3)c12,15.10226379,15.10226379,0.044521211,-1.309554425,0.850292522,20.11111111,375.4,353.224,375.1594344,144,0,0.340723118,-0.492238333,0.492238333,0.340723118,1.407407407,2.148148148,2.740740741,19.14222055,10.06747225,2.31517215,-2.346541408,2.432861377,-2.492574413,5.967228794,0.069451496,3.457594576,2.031228564,983.3041997,19.29216426,15.28928511,15.28928511,12.91792266,9.089625737,9.089625737,7.253094634,7.253094634,5.25798423,5.25798423,3.859587139,3.859587139,-2.61,2352395.216,17.7864051,6.525466671,2.934416336,154.8865004,24.62718833,11.25083777,11.56673267,5.428790392,0,5.969305288,4.794537184,9.184952232,0,0,0,25.83174751,37.91479445,18.01272247,19.02834258,22.55961649,0,9.883888252,0,31.8490621,31.64397649,33.86721055,0,5.749511833,20.38235168,10.07780132,5.749511833,0,48.42883992,0,5.817220841,36.16520995,17.05774782,0,10.90292493,0,83.8,17.21531652,14.69560176,4.390415048,23.03335736,30.04311164,25.45276672,13.30664111,4.567099648,11.82364693,5.316788604,4.736862954,22.46632582,0,26.1003435,12.74523084,-0.23700242,-1.59152249,1.450927213,3.143233628,3.96794033,1.454523573,0.473684211,27,2,7,1,1,2,1,1,2,6,2,8,4,1,1,2,4,1.9804,99.626,0,0,0,0,1,1,0,0,1,1,1,0,0,0,0,2,1,0,0,0,0,0,0,0,0,0,0,0,0,1,0,0,0,0,1,0,1,0,0,0,0,1,0,0,1,0,0,0,0,0,0,0,0,0,0,1,0,0,0,0,0,0,0,0,0,0,0,0,0,0,1,0,0,1,0,0,0,0,0,0,0,0,0,0,0
Moxifloxacin,COc1c(N2C[C@@H]3CCCN[C@@H]3C2)c(F)cc2c(=O)c(C(=O)O)cn(C3CC3)c12,15.32022251,15.32022251,0.059850298,-1.301440712,0.818518297,24,401.438,377.246,401.1750845,154,0,0.340723118,-0.492238337,0.492238337,0.340723118,1.310344828,2.103448276,2.75862069,19.14222126,9.942196447,2.37732682,-2.245597766,2.445371881,-2.402953727,5.967603298,0.069451348,3.452297117,1.729081682,1048.29786,20.28372809,16.28084895,16.28084895,13.9904023,10.16210538,10.16210538,8.319815705,8.319815705,6.488448088,6.488448088,4.953499965,4.953499965,-2.61,7887117.993,18.42058387,6.725318925,2.884890739,166.6105535,24.62718833,11.25083777,11.56673267,5.428790392,0,5.969305288,4.794537184,9.184952232,0,0,0,44.21231601,31.37003804,18.01272247,19.02834258,22.55961649,0,9.883888252,5.917906046,37.76696815,31.64397649,33.86721055,0,5.749511833,20.38235168,10.07780132,5.749511833,0,48.42883992,0,11.73512689,42.083116,17.05774782,0,10.90292493,0,83.8,17.21531652,14.69560176,4.390415048,16.99151654,35.45810211,38.7727993,19.37300818,4.567099648,4.899909731,5.316788604,4.736862954,22.78517778,0,26.35801711,13.01773807,-0.155361676,-1.067058467,1.616459227,5.404268066,2.396010099,1.478083113,0.523809524,29,2,7,1,2,3,1,1,2,6,2,8,4,1,2,3,5,2.3705,106.676,0,0,0,0,1,1,0,0,1,1,1,0,0,0,0,2,1,0,0,0,0,0,0,0,0,0,0,0,0,1,0,0,0,0,1,0,2,0,0,0,0,1,0,0,1,0,0,0,0,0,0,0,0,0,0,1,0,0,0,0,0,0,0,0,0,0,0,0,0,1,0,0,0,1,0,0,0,0,0,0,0,0,0,0,0
Amoxycillin,CC1(C)S[C@@H]2[C@H](NC(=O)[C@H](N)c3ccc(O)cc3)C(=O)N2[C@H]1C(=O)O,12.3475389,12.3475389,0.060620504,-1.056554474,0.553031528,28.04,365.411,346.259,365.1045417,134,0,0.327399385,-0.507966625,0.507966625,0.327399385,1.32,1.92,2.48,32.16690631,9.954360607,2.63767902,-2.433848204,2.503089765,-2.706287544,8.013148749,-0.160710191,2.80360909,1.704346484,735.7906646,18.51614338,13.67078637,14.48728295,11.63073484,7.709501693,8.589154505,6.65360828,8.42449342,4.507365694,6.078896289,3.221484744,4.846881334,-2.26,291485.6299,17.55941929,5.921357992,2.827120048,147.9148923,26.1634206,29.24890713,0,11.81435946,0,5.969305288,9.589074368,4.794537184,0,11.76188495,12.13273414,31.54366003,4.747022453,0,24.59666634,29.5455497,0,10.21669833,5.733667477,42.09389215,0,29.82891977,0,5.749511833,11.05045608,0,5.749511833,11.76188495,55.10120619,14.38361155,0,25.45276672,24.26546827,0,0,0,132.96,46.0300825,24.59666634,0,5.749511833,5.563451492,0,40.92726295,13.8474744,0,5.316788604,5.733667477,-0.648104571,1.353017445,37.47009327,20.86400462,6.409240074,-1.937969118,3.205759786,0,3.533958493,0,0.4375,25,5,8,0,2,2,1,0,1,6,4,9,4,0,2,2,3,0.0237,90.6937,1,0,0,0,0,0,0,1,1,1,3,2,0,0,0,1,1,1,0,0,0,0,0,0,0,0,0,2,0,0,0,0,0,0,1,0,1,0,0,0,0,0,0,0,0,0,0,0,0,0,0,0,0,1,0,0,0,0,0,0,0,0,0,0,0,1,1,0,0,0,0,0,0,0,0,1,0,0,0,0,0,0,0,0,0
Cefpirome,CO/N=C(\C(=O)N[C@@H]1C(=O)N2C(C(=O)[O-])=C(C[n+]3cccc4c3CCC4)CS[C@H]12)c1csc(N)n1,13.013758,13.013758,0.119994568,-1.406309312,0.205503646,21.34285714,514.589,492.413,514.1093098,182,0,0.275863469,-0.54319073,0.54319073,0.275863469,1.428571429,2.257142857,2.971428571,32.16668103,10.01774184,2.531990578,-2.500483609,2.399345568,-2.714138205,7.998362621,-0.695691807,3.49471598,1.361543008,1288.873951,24.68950549,18.72357821,20.35657137,16.88424915,10.90337843,12.83178603,8.25558463,10.2502581,6.191086482,8.204610815,4.660595763,6.543587047,-3.45,104004812.9,23.2992844,9.302661849,4.140567181,208.194624,25.78910924,24.21943918,29.27877145,0,11.81435946,0,14.4889841,4.983978521,4.567099648,23.09867083,5.155712727,18.90801031,34.75666109,11.6663446,28.89482718,51.72557906,0,15.20067686,5.155712727,37.22293492,18.59631863,51.9310918,0,0,20.72408312,5.13155848,0,23.09867083,57.65760279,38.60759979,0,23.3721291,40.13549705,0,0,0,153.92,29.19937839,19.49013895,0,22.23421079,17.87071454,30.59925075,35.02897171,5.38006277,12.26321064,26.08994657,10.57125606,2.053630727,2.532661058,48.00868551,19.70797453,8.686752564,-2.208495613,3.123902984,4.944366888,0.363992886,1.286528462,0.363636364,35,3,11,1,2,3,0,2,2,10,2,13,7,0,1,1,5,-1.0439,125.7901,1,0,0,1,0,2,0,0,1,1,3,3,0,0,0,4,1,1,0,0,0,0,0,0,0,0,0,2,0,1,1,0,0,0,0,0,2,0,0,0,0,0,0,0,0,0,0,0,0,0,0,0,0,1,0,0,0,0,0,0,0,0,0,1,0,0,0,0,0,0,0,0,0,1,0,1,0,0,0,0,1,0,0,0,0
Cephalothin,CC(=O)OCC1=C(C(=O)O)N2C(=O)[C@@H](NC(=O)Cc3cccs3)[C@H]2SC1,12.42769109,12.42769109,0.16318909,-1.255403586,0.534480611,21.73076923,396.446,380.318,396.0449782,138,0,0.352260958,-0.476559451,0.476559451,0.352260958,1.423076923,2.192307692,2.807692308,32.1666803,10.02495966,2.537193693,-2.489516873,2.399354254,-2.703343302,7.998375158,-0.150523116,3.090277447,1.691538027,788.6704466,18.8445705,13.76023691,15.39323008,12.37991785,7.732757911,9.661165512,5.74870191,7.885939598,3.930856306,6.146877376,2.778976964,4.809740492,-2.33,697024.4392,18.46075934,7.502018009,3.606102409,156.7364797,15.16017895,23.71963492,0,5.907179729,5.907179729,11.93861058,19.28352128,4.794537184,0,23.09867083,6.066367068,11.44642984,23.12684253,6.420821623,29.02153908,46.85164086,0,10.21669833,0,24.76027246,12.35973557,33.66008794,0,0,5.316788604,0,0,23.09867083,57.53485637,30.33583331,0,11.80088439,28.78294075,0,0,0,113.01,29.26150395,24.28467613,0,24.63192263,11.32595814,9.777056925,30.02240803,0,17.51279691,5.316788604,4.736862954,4.874784188,2.78807667,49.15532706,13.54365949,0.203164694,-2.226897846,2.924041015,0.178732031,1.0591127,0,0.375,26,2,8,0,2,2,0,1,1,7,2,10,6,0,1,1,3,0.5923,94.3405,1,0,0,0,0,0,0,0,1,1,4,3,0,0,0,1,1,0,0,0,0,0,0,0,0,0,0,2,0,0,0,0,0,0,0,0,1,0,0,0,1,1,0,0,0,0,0,0,0,0,0,0,0,1,0,0,0,0,0,0,0,0,0,0,0,0,0,0,0,0,0,0,0,0,0,1,0,0,0,0,0,0,1,0,0
Itraconazole,CCC(C)n1ncn(-c2ccc(N3CCN(c4ccc(OC[C@H]5CO[C@](Cn6cncn6)(c6ccc(Cl)cc6Cl)O5)cc4)CC3)cc2)c1=O,12.80151582,12.80151582,0.064479397,-1.158501335,0.174394288,20.12244898,705.647,667.343,704.2393071,256,0,0.350101208,-0.490790806,0.490790806,0.350101208,0.918367347,1.591836735,2.224489796,35.49683849,10.05685281,2.453771636,-2.371079625,2.402557103,-2.460909498,6.346739198,-0.190299547,3.884754612,0.92529827,1907.319691,33.95924391,27.36108943,28.87294732,23.81363205,16.40760222,17.16353117,12.30175742,13.14539333,9.150017714,9.697823826,6.240378006,6.79283892,-4.36,1.99523E+11,33.15173603,14.24216039,7.044519489,293.8844571,24.01040832,43.98707682,0,5.787111153,0,5.689743398,0,23.70922122,10.19736362,0,36.19198405,74.00822951,48.13988298,23.35874238,14.21058886,34.57665233,0,29.11204766,0,44.7459708,49.19260901,111.8049967,0,11.43689811,20.22642581,11.37477255,5.749511833,23.20187978,74.6088036,21.80559347,0,31.87358834,90.50653516,10.04526663,5.687386275,0,104.7,5.787111153,4.794537184,0,24.38030702,28.82248205,55.4115179,11.00912301,34.03627687,44.17930974,49.24662987,37.41246864,23.65689193,12.73959322,21.58906425,9.504828284,3.642022506,-0.41018791,21.58128924,5.187873812,8.480846895,0,0.371428571,49,0,12,0,2,2,3,2,5,12,0,14,11,0,2,2,7,5.5773,188.176,0,0,0,0,0,6,0,0,0,0,0,0,0,0,0,8,0,0,0,0,0,0,0,0,0,0,0,0,0,2,0,0,0,0,3,0,0,0,0,0,0,3,0,0,2,0,0,0,0,0,0,0,0,0,0,0,0,0,0,0,0,0,0,0,0,0,0,0,0,0,1,0,0,0,0,0,0,0,0,0,0,0,0,0,0
Clotrimazole,Clc1ccccc1C(c1ccccc1)(c1ccccc1)n1ccnc1,6.691467152,6.691467152,0.585949074,-0.585949074,0.454544985,11.4,344.845,327.709,344.1080262,122,0,0.12258561,-0.318902793,0.318902793,0.12258561,0.72,1.28,1.8,35.49569183,9.764475614,2.389046884,-2.3739979,2.427252363,-2.36783611,6.31150166,0.51461566,3.206300113,2.153583648,908.2706613,17.11467341,13.58734624,14.34327519,12.33137046,8.177435401,8.555399874,5.89226102,6.299461147,4.538475267,4.868063488,3.485757823,3.75824003,-2.84,1236605.828,15.6739988,6.577182238,2.553043166,151.909674,4.567099648,5.538925252,0,0,0,0,0,4.983978521,0,0,90.46371178,17.19327005,22.97977195,6.327320075,0,11.60093989,0,9.551078169,0,5.538925252,0,125.363134,0,0,0,0,0,11.60093989,9.551078169,5.538925252,0,16.69035448,103.6501462,5.022633314,0,0,17.82,5.538925252,0,0,0,0,21.71298779,0,6.196843572,42.85599899,64.14838178,11.60093989,2.123888889,6.691467152,4.314171391,0.725839002,2.698001543,0,28.83142117,5.642988631,0,0,0.045454545,25,0,2,0,0,0,3,1,4,2,0,3,4,0,0,0,4,5.3767,101.843,0,0,0,0,0,2,0,0,0,0,0,0,0,0,0,2,0,0,0,0,0,0,0,0,0,0,0,0,0,0,0,0,0,0,3,0,0,0,0,0,0,0,0,0,1,0,0,1,0,0,0,0,0,0,0,0,0,0,0,0,0,0,0,0,0,0,0,0,0,0,0,0,0,0,0,0,0,0,0,0,0,0,0,0,0
